,entity_name,original_entity_types,search_term_used,umls_matched_name,matched_cui,matched_semantic_types,matched_semantic_type_names,PMID,relation,entity_side
0,", improved gross motor skills",,", improved gross motor skills",,,[],[],,,
1,11β-hydroxysteroid-dehydrogenase of type 2,protein/gene,11β-hydroxysteroid-dehydrogenase of type 2,,,[],[],37683773,phenotype_protein,2
2,11β-hydroxysteroid-dehydrogenase of type 2 inhibitor,biological_process,11β-hydroxysteroid-dehydrogenase of type 2 inhibitor,,,[],[],37683773,chemical_bioprocess,2
3,2- hydroxypropyl- β- cyclodextrin,drug,2- hydroxypropyl- β- cyclodextrin,hydroxypropylbetadex (0.58-0.68 MS),C0046237,"['T109', 'T121']","['Organic Chemical', 'Pharmacologic Substance']",40064165,drug_protein|indication,1
4,2-hydroxypropyl-b-cyclodextrin,drug,2-hydroxypropyl-b-cyclodextrin,hydroxypropylbetadex (0.58-0.68 MS),C0046237,"['T109', 'T121']","['Organic Chemical', 'Pharmacologic Substance']",35081253|36356931|38448301,drug_bioprocess|drug_effect|indication,1
5,2-hydroxypropyl-beta-cyclodextrin,drug,2-hydroxypropyl-beta-cyclodextrin,hydroxypropylbetadex (0.58-0.68 MS),C0046237,"['T109', 'T121']","['Organic Chemical', 'Pharmacologic Substance']",34150357|34364974|35452076|36431844|36920149|39048052|40847051,drug_bioprocess|drug_drug|drug_effect|indication|off_label_use,1|2
6,"2-hydroxypropyl-beta-cyclodextrin (vts-270, adrabetadex)",,"2-hydroxypropyl-beta-cyclodextrin (vts-270, adrabetadex)",,,[],[],,,
7,2-hydroxypropyl-beta-cyclodextrin.,drug,2-hydroxypropyl-beta-cyclodextrin.,hydroxypropylbetadex (0.58-0.68 MS),C0046237,"['T109', 'T121']","['Organic Chemical', 'Pharmacologic Substance']",36431844,anatomy_protein_present|drug_effect,1|2
8,2-hydroxypropyl-ß-cyclodextrin,drug,2-hydroxypropyl-ß-cyclodextrin,,,[],[],36614015|37210540,drug_drug|drug_protein|indication,1
9,2-hydroxypropyl-β-cyclodextrin,disease | drug,2-hydroxypropyl-β-cyclodextrin,hydroxypropylbetadex (0.58-0.68 MS),C0046237,"['T109', 'T121']","['Organic Chemical', 'Pharmacologic Substance']",34296265|34592985|35140266|35891519|36116252|36279795|36470574|37407594,disease_disease|drug_bioprocess|drug_drug|drug_effect|drug_protein|indication,1
10,2-hydroxypropyl-β-cyclodextrin containing polyrotaxanes,,2-hydroxypropyl-β-cyclodextrin containing polyrotaxanes,,,[],[],,,
11,2-hydroxypropyl-γ-cd,,2-hydroxypropyl-γ-cd,,,[],[],,,
12,2-hydroxypropyl-γ-cyclodextrin,drug,2-hydroxypropyl-γ-cyclodextrin,,,[],[],35891519|38852794,drug_bioprocess|drug_drug|drug_effect|indication,1
13,24s-hydroxycholesterol,,24s-hydroxycholesterol,24-hydroxycholesterol,C0208133,['T109'],['Organic Chemical'],,,
14,"3β,5α,6β-trihydroxycholanoyl-glycine",phenotype,"3β,5α,6β-trihydroxycholanoyl-glycine",,,[],[],35833379,disease_phenotype_positive,2
15,4-fold cholesterol accumulation,phenotype,4-fold cholesterol accumulation,,,[],[],40301465,exposure_phenotype,2
16,4-sulfobutylether-β-cyclodextrin,drug,4-sulfobutylether-β-cyclodextrin,,,[],[],36584173,drug_effect,1
17,5-domain npc clinical severity scale,,5-domain npc clinical severity scale,,,[],[],,,
18,6-o-α-maltosyl-β cyclodextrin,,6-o-α-maltosyl-β cyclodextrin,,,[],[],,,
19,6-o-α-maltosyl-β-cd,,6-o-α-maltosyl-β-cd,,,[],[],,,
20,692-854 amino acid,protein/gene,692-854 amino acid,,,[],[],39762312,disease_protein,2
21,7-ketocholesterol,phenotype | protein/gene,7-ketocholesterol,7-ketocholesterol,C0049920,['T109'],['Organic Chemical'],34303826|38131230,disease_protein|phenotype_phenotype|phenotype_protein,1|2
22,a2a receptor,,a2a receptor,Adenosine A2A Receptor,C0255998,"['T116', 'T192']","['Amino Acid, Peptide, or Protein', 'Receptor']",,,
23,aav transduction,,aav transduction,,,[],[],,,
24,aav-br1,,aav-br1,,,[],[],,,
25,aav-br1-npc2,,aav-br1-npc2,,,[],[],,,
26,aav-php.b vector,,aav-php.b vector,,,[],[],,,
27,aav2,,aav2,AAV2-hRPE65v2,C5201263,['T005'],['Virus'],,,
28,aav9,,aav9,AAV9.LAMP2B,C5834378,"['T114', 'T121']","['Nucleic Acid, Nucleoside, or Nucleotide', 'Pharmacologic Substance']",,,
29,aav9 gene therapy,,aav9 gene therapy,,,[],[],,,
30,aav9 vector,,aav9 vector,Adeno-associated viral vector serotype 9 (AAV9) containing human RPE65 gene,C5873064,['T028'],['Gene or Genome'],,,
31,aav9 vector for gene therapy,,aav9 vector for gene therapy,,,[],[],,,
32,aav9-hnpc1,,aav9-hnpc1,,,[],[],,,
33,abdominal distension,phenotype,abdominal distension,Distension of abdomen (finding),C5980104,['T033'],['Finding'],36636588|38826605,disease_phenotype_positive|protein_protein,2
34,aberrant mglur5 lysosomal accumulation,,aberrant mglur5 lysosomal accumulation,,,[],[],,,
35,aberrant pattern of interferon activation,phenotype,aberrant pattern of interferon activation,,,[],[],38254990,phenotype_protein,2
36,abiraterone acetate,GRAS/Excipient/prodrug,abiraterone acetate,abiraterone acetate,C2607886,"['T109', 'T121']","['Organic Chemical', 'Pharmacologic Substance']",35159129,drug_effect|indication,1
37,ablated tmem241,,ablated tmem241,,,[],[],,,
38,abnormal accumulation of lipids,phenotype,abnormal accumulation of lipids,,,[],[],37047194,disease_phenotype_positive,2
39,abnormal cholesterol accumulation,phenotype,abnormal cholesterol accumulation,,,[],[],36325261,disease_phenotype_positive,2
40,abnormal endosomal-lysosomal trafficking,,abnormal endosomal-lysosomal trafficking,,,[],[],,,
41,abnormal intracellular lipid storage,phenotype,abnormal intracellular lipid storage,,,[],[],40866990,disease_phenotype_positive,2
42,abnormal involuntary movements,,abnormal involuntary movements,Abnormal involuntary movements,C0392702,['T047'],['Disease or Syndrome'],,,
43,absence of serious adverse events,phenotype,absence of serious adverse events,,,[],[],40701909,drug_effect,2
44,absence of the hyper-glycosylated lysosome-associated membrane protein 1,,absence of the hyper-glycosylated lysosome-associated membrane protein 1,,,[],[],,,
45,acat1-specific inhibitor,,acat1-specific inhibitor,,,[],[],,,
46,accelerates development,phenotype,accelerates development,"personalized target development for accelerated, repetitive high-dose functional connectivity MRI-guided theta-burst stimulation",C5927802,['T061'],['Therapeutic or Preventive Procedure'],35245460,exposure_phenotype,2
47,accumulate multiple bis(monoacylglycero)phosphate species,phenotype,accumulate multiple bis(monoacylglycero)phosphate species,,,[],[],38895439,phenotype_protein,2
48,accumulated unesterified cholesterol,phenotype,accumulated unesterified cholesterol,Intracellular accumulation of unesterified cholesterol,C3553603,['T033'],['Finding'],39173891,disease_phenotype_positive,2
49,accumulating of cholesterol crystals in the lysosome,phenotype,accumulating of cholesterol crystals in the lysosome,,,[],[],34748340,disease_phenotype_positive,2
50,accumulation of autophagosomes,phenotype,accumulation of autophagosomes,Skeletal muscle autophagosome accumulation,C5676640,['T033'],['Finding'],35159316,phenotype_phenotype,2
51,accumulation of cholesterol,pathology | phenotype,accumulation of cholesterol,Cholesterol crystal accumulation,C5436605,['T033'],['Finding'],34175669|36279795|36861884|37210540|37245481|37423302|39518914|39891227|40663813,disease_phenotype_positive|pathology_anatomy_present|phenotype_protein,1|2
52,accumulation of cholesterol and other lipids,phenotype,accumulation of cholesterol and other lipids,,,[],[],34364974,disease_phenotype_positive,2
53,accumulation of cholesterol in late endosome,phenotype,accumulation of cholesterol in late endosome,,,[],[],36861884,phenotype_phenotype,2
54,accumulation of cholesterol in lysosome,phenotype,accumulation of cholesterol in lysosome,,,[],[],36861884,phenotype_phenotype,2
55,accumulation of cholesterol in lysosomes,phenotype,accumulation of cholesterol in lysosomes,,,[],[],37612148,disease_phenotype_positive,2
56,accumulation of fibroblasts,phenotype,accumulation of fibroblasts,Unesterified cholesterol accumulation in cultured fibroblasts,C5937001,['T033'],['Finding'],36804125,disease_phenotype_positive,2
57,accumulation of free cholesterol,phenotype,accumulation of free cholesterol,,,[],[],34810067|35850050|40436106,disease_phenotype_positive|phenotype_protein,1|2
58,accumulation of gangliosides in lysosomes,phenotype,accumulation of gangliosides in lysosomes,Gangliosidoses,C0017083,['T047'],['Disease or Syndrome'],37612148,disease_phenotype_positive,2
59,accumulation of glycosphingolipids,phenotype,accumulation of glycosphingolipids,,,[],[],34810067|40215728,disease_phenotype_positive,2
60,accumulation of gm2 gangliosides,,accumulation of gm2 gangliosides,GM2-ganglioside accumulation,C1848920,['T033'],['Finding'],,,
61,accumulation of gm3 gangliosides,,accumulation of gm3 gangliosides,,,[],[],,,
62,accumulation of intracellular cholesterol,phenotype,accumulation of intracellular cholesterol,Intracellular accumulation of unesterified cholesterol,C3553603,['T033'],['Finding'],34948052,disease_phenotype_positive,2
63,accumulation of intracellular free cholesterol,phenotype,accumulation of intracellular free cholesterol,,,[],[],35086560,disease_phenotype_positive|phenotype_phenotype,2
64,accumulation of intracellular unesteri ed cholesterol,phenotype,accumulation of intracellular unesteri ed cholesterol,,,[],[],34150357,disease_phenotype_positive,2
65,accumulation of lipid,phenotype,accumulation of lipid,Lipid Accumulation Product,C3658347,['T081'],['Quantitative Concept'],35850050,phenotype_protein,1
66,accumulation of lipid vesicles,phenotype,accumulation of lipid vesicles,,,[],[],37908116,phenotype_phenotype,2
67,accumulation of lipids,phenotype,accumulation of lipids,Intracellular Accumulation of Lipids,C1512921,['T033'],['Finding'],34455703|37008782|37210540,disease_phenotype_positive|exposure_cellcomp|pathology_phenotype,1|2
68,accumulation of multiple lipid species,phenotype,accumulation of multiple lipid species,,,[],[],39185019,disease_phenotype_positive,2
69,accumulation of myofibroblasts,phenotype,accumulation of myofibroblasts,,,[],[],36804125,disease_phenotype_positive,2
70,accumulation of sphingolipids,phenotype,accumulation of sphingolipids,"Accumulation of sulfatides, glycosaminoglycans, sphingolipids, and steroid sulfates in tissues and body fluids",C3279448,['T033'],['Finding'],34138521|37423302,disease_phenotype_positive|phenotype_protein,2
71,accumulation of tissue-specific lipids,phenotype,accumulation of tissue-specific lipids,,,[],[],34535129,phenotype_protein,1
72,accumulation of unesterified cholesterol,phenotype,accumulation of unesterified cholesterol,Intracellular accumulation of unesterified cholesterol,C3553603,['T033'],['Finding'],34138521|34592985|35192242|35452076|36182715|36638187|40215728|40436106|40869913,disease_phenotype_positive|exposure_phenotype|phenotype_protein,1|2
73,accumulation of unesterified cholesterol and glycolipids,phenotype,accumulation of unesterified cholesterol and glycolipids,,,[],[],37458497,phenotype_phenotype,2
74,accumulation of unesterified cholesterol in lysosomes,phenotype,accumulation of unesterified cholesterol in lysosomes,,,[],[],39339852,drug_effect,2
75,accumulation of unesterified sphingolipids,phenotype,accumulation of unesterified sphingolipids,,,[],[],36638187,disease_phenotype_positive,2
76,acetyl-l-leucine,,acetyl-l-leucine,levacetylleucine,C4547971,"['T116', 'T121']","['Amino Acid, Peptide, or Protein', 'Pharmacologic Substance']",,,
77,acid ceramidase,protein/gene,acid ceramidase,Acid Ceramidase,C2350443,"['T116', 'T126']","['Amino Acid, Peptide, or Protein', 'Enzyme']",34175669,bioprocess_protein|cellcomp_protein|phenotype_protein|protein_protein,1
78,acid sphingomyelinase,protein/gene,acid sphingomyelinase,acid sphingomyelinase,C0599122,"['T116', 'T126']","['Amino Acid, Peptide, or Protein', 'Enzyme']",34455703|37373322|40306479,disease_protein,1|2
79,acid sphingomyelinase deficiency,disease,acid sphingomyelinase deficiency,Acid sphingomyelinase deficiency,C5243927,['T047'],['Disease or Syndrome'],36056366,disease_disease,2
80,acidic pair (ncr1),,acidic pair (ncr1),,,[],[],,,
81,actin filament nucleation,biological_process,actin filament nucleation,unbranched actin filament nucleation,C2610701,['T044'],['Molecular Function'],38686625,bioprocess_protein,1
82,activated microglia,phenotype,activated microglia,"Wfdc17 protein, mouse",C2973751,"['T116', 'T123']","['Amino Acid, Peptide, or Protein', 'Biologically Active Substance']",35563467|36322609,disease_phenotype_positive|phenotype_anatomy,1|2
83,activation of microglia,phenotype,activation of microglia,activation of microglia differentiation,C2265710,['T043'],['Cell Function'],34290407,phenotype_protein,2
84,activation of pro‐inflammatory microglia,phenotype,activation of pro‐inflammatory microglia,,,[],[],36322609,disease_phenotype_positive,2
85,activation of the adenosine a2ar subtype subsequent,,activation of the adenosine a2ar subtype subsequent,,,[],[],,,
86,activity-based probe 7,,activity-based probe 7,,,[],[],,,
87,activity-based probe 8,,activity-based probe 8,,,[],[],,,
88,acute liver failure,disease | phenotype,acute liver failure,"Liver Failure, Acute",C0162557,['T047'],['Disease or Syndrome'],34455703|34526163|36636588|37429811|39547438,disease_disease|disease_phenotype_positive,2
89,acute psychotic episodes,phenotype,acute psychotic episodes,Acute Psychotic Episode,C0237811,['T048'],['Mental or Behavioral Dysfunction'],37740198,disease_phenotype_positive,2
90,acyl-coenzyme a:cholesterol acyltransferase 1 gene knockout,,acyl-coenzyme a:cholesterol acyltransferase 1 gene knockout,,,[],[],,,
91,ad,,ad,AD Substance,C1630418,['T121'],['Pharmacologic Substance'],,,
92,adamantane-pentyl-deoxynojirimycin,drug,adamantane-pentyl-deoxynojirimycin,N-(5-adamantane-1-yl-methoxy-pentyl)deoxynojirimycin,C1565642,['T109'],['Organic Chemical'],36804125,drug_bioprocess,1
93,adeno-associated viral vector-mediated,,adeno-associated viral vector-mediated,,,[],[],,,
94,adeno-associated viral vector-mediated gene therapy,,adeno-associated viral vector-mediated gene therapy,,,[],[],,,
95,adenosine a1 receptor,,adenosine a1 receptor,Adenosine A1 Receptor,C0001451,"['T116', 'T192']","['Amino Acid, Peptide, or Protein', 'Receptor']",,,
96,adenosine a2a receptors,,adenosine a2a receptors,Adenosine A2A Receptor,C0255998,"['T116', 'T192']","['Amino Acid, Peptide, or Protein', 'Receptor']",,,
97,adenosine a2a receptors activation,,adenosine a2a receptors activation,"A2A adenosine receptor activity, G-protein coupled",C1152763,['T044'],['Molecular Function'],,,
98,adolescent onset,phenotype,adolescent onset,"Psychosis, adolescent onset",C0543909,['T048'],['Mental or Behavioral Dysfunction'],36243834,disease_phenotype_positive,2
99,adrabetadex,drug,adrabetadex,hydroxypropyl betadex (0.6 hydroxypropyl residues per glucose),C4741223,['T109'],['Organic Chemical'],35007562,indication,1
100,"adrabetadex (2-hydroxypropyl-beta-cyclodextrin, vts-270)",,"adrabetadex (2-hydroxypropyl-beta-cyclodextrin, vts-270)",,,[],[],,,
101,adverse events,phenotype,adverse events,Adverse event,C0877248,['T046'],['Pathologic Function'],38294974,drug_effect,2
102,aft1,,aft1,"AFT1 protein, Arabidopsis",C0764037,"['T116', 'T123']","['Amino Acid, Peptide, or Protein', 'Biologically Active Substance']",,,
103,against oxidative,phenotype,against oxidative,neuroprotection against oxidative stress-induced apoptosis,C3894362,['T043'],['Cell Function'],34502342,phenotype_protein,1
104,age,,age,Age,C0001779,['T032'],['Organism Attribute'],,,
105,age at disease onset,phenotype,age at disease onset,Age At Disease Onset,C6054024,['T032'],['Organism Attribute'],39502943,phenotype_protein,2
106,ailments (niemann-pick disease type c),,ailments (niemann-pick disease type c),,,[],[],,,
107,alleviate neuroinflammation,phenotype,alleviate neuroinflammation,,,[],[],40877976,drug_effect,2
108,allopregnanolone,protein/gene,allopregnanolone,"Pregnanolone, (3beta, 5alpha)-isomer",C0086244,"['T109', 'T121', 'T123']","['Organic Chemical', 'Pharmacologic Substance', 'Biologically Active Substance']",36614015,drug_protein,2
109,alpha-cyclodextrin derivatives,drug,alpha-cyclodextrin derivatives,,,[],[],40847051,drug_effect,1
110,alpha-fetoprotein,,alpha-fetoprotein,alpha-Fetoproteins,C0002210,"['T116', 'T123']","['Amino Acid, Peptide, or Protein', 'Biologically Active Substance']",,,
111,alpha-fetoprotein level,phenotype,alpha-fetoprotein level,Alpha-fetoprotein level - finding,C0428521,['T034'],['Laboratory or Test Result'],35455589,disease_protein,2
112,alteration of serum oxysterols,phenotype,alteration of serum oxysterols,,,[],[],37989569,phenotype_protein,1
113,alteration of sphingolipids,phenotype,alteration of sphingolipids,,,[],[],34061502,phenotype_protein,1
114,altered bmp levels,,altered bmp levels,,,[],[],,,
115,altered cathepsin d,,altered cathepsin d,,,[],[],,,
116,altered cholesterol sensing,phenotype,altered cholesterol sensing,,,[],[],40301465,exposure_phenotype,2
117,altered horizontal position smooth pursuit,phenotype,altered horizontal position smooth pursuit,,,[],[],34096670,disease_phenotype_positive,2
118,altered horizontal saccadic peak velocity and latency,phenotype,altered horizontal saccadic peak velocity and latency,,,[],[],34096670,disease_phenotype_positive,2
119,altered lysosomal ca2+ homeostasis,,altered lysosomal ca2+ homeostasis,,,[],[],,,
120,altered members of the complement family,phenotype,altered members of the complement family,,,[],[],36638187,disease_phenotype_positive,2
121,altered metabolites,phenotype,altered metabolites,,,[],[],39452896,phenotype_protein,2
122,altered vertical saccadic duration and amplitude,phenotype,altered vertical saccadic duration and amplitude,,,[],[],34096670,disease_phenotype_positive,2
123,alzheimer's features,,alzheimer's features,,,[],[],,,
124,alzheimer’s disease,,alzheimer’s disease,,,[],[],,,
125,ambulation,phenotype,ambulation,Ambulation,C0945826,['T169'],['Functional Concept'],34794481|34819124,disease_phenotype_positive,2
126,ameliorate purkinje cell degeneration,,ameliorate purkinje cell degeneration,,,[],[],,,
127,ameliorated cholesterol accumulation,phenotype,ameliorated cholesterol accumulation,,,[],[],40184172,drug_effect,2
128,ameliorated lysosome dysfunction,phenotype,ameliorated lysosome dysfunction,,,[],[],34851695,drug_effect,2
129,ameliorated lysosome function,biological_process,ameliorated lysosome function,,,[],[],38294974,drug_bioprocess,2
130,ameliorated metabolic function,biological_process,ameliorated metabolic function,,,[],[],38294974,drug_bioprocess,2
131,ameliorated the cerebellar ataxic phenotype,phenotype,ameliorated the cerebellar ataxic phenotype,,,[],[],37369603,drug_effect,2
132,amino acid substitution,protein/gene,amino acid substitution,Amino Acid Substitution,C0525038,['T045'],['Genetic Function'],38131230,protein_protein,2
133,amphipathic peptide,drug,amphipathic peptide,KALA amphipathic peptide,C0537277,['T116'],"['Amino Acid, Peptide, or Protein']",40301465,drug_bioprocess|drug_protein,1
134,amyloid plaques,pathology | phenotype,amyloid plaques,"Plaque, Amyloid",C2936349,['T020'],['Acquired Abnormality'],40064165,pathology_phenotype|phenotype_protein,1|2
135,amyloid precursor protein,,amyloid precursor protein,Amyloid beta-Protein Precursor,C0085151,"['T116', 'T123']","['Amino Acid, Peptide, or Protein', 'Biologically Active Substance']",,,
136,amyloid precursor protein (app),,amyloid precursor protein (app),Amyloid beta-Protein Precursor,C0085151,"['T116', 'T123']","['Amino Acid, Peptide, or Protein', 'Biologically Active Substance']",,,
137,amyloid- 1-42 deposition,,amyloid- 1-42 deposition,,,[],[],,,
138,amyloidogenic processing,biological_process,amyloidogenic processing,,,[],[],34948052,bioprocess_protein,2
139,an autosomal recessive hereditary disease,disease,an autosomal recessive hereditary disease,,,[],[],36199263,disease_disease,2
140,anorectal lesions,phenotype,anorectal lesions,anorectal; lesion,C1388032,['T047'],['Disease or Syndrome'],37429811,disease_phenotype_positive,2
141,anti-aav2 neutralizing antibodies,,anti-aav2 neutralizing antibodies,,,[],[],,,
142,anti-aav9 neutralizing antibodies,,anti-aav9 neutralizing antibodies,,,[],[],,,
143,anti-n-methyl-d-aspartate,,anti-n-methyl-d-aspartate,Anti-N-Methyl-D-Aspartate Receptor Encephalitis,C2986717,['T047'],['Disease or Syndrome'],,,
144,anti-n-methyl-d-aspartate receptor,,anti-n-methyl-d-aspartate receptor,Anti-N-Methyl-D-Aspartate Receptor Encephalitis,C2986717,['T047'],['Disease or Syndrome'],,,
145,anti-nmdare psychosis,,anti-nmdare psychosis,,,[],[],,,
146,anti-tumor necrosis factor therapy,,anti-tumor necrosis factor therapy,Anti-Tumor Necrosis Factor Therapy,C0281481,['T061'],['Therapeutic or Preventive Procedure'],,,
147,antioxidant,phenotype,antioxidant,Antioxidants,C0003402,['T121'],['Pharmacologic Substance'],40427492,drug_effect,2
148,antipsychotics,drug,antipsychotics,Antipsychotic Agents,C0040615,['T121'],['Pharmacologic Substance'],34744838,drug_effect,1
149,antithrombin iii,,antithrombin iii,antithrombin III,C0003438,"['T116', 'T121']","['Amino Acid, Peptide, or Protein', 'Pharmacologic Substance']",,,
150,apoe4,,apoe4,APOE4(+) PHENOTYPE,C4015881,['T033'],['Finding'],,,
151,apoe4 combined with a synthetic lipopeptide,,apoe4 combined with a synthetic lipopeptide,,,[],[],,,
152,apoe4 comined with a synthetic lipopeptide,,apoe4 comined with a synthetic lipopeptide,,,[],[],,,
153,app c-terminal fragments,,app c-terminal fragments,,,[],[],,,
154,aqneursa,,aqneursa,Aqneursa,C5943836,"['T116', 'T121']","['Amino Acid, Peptide, or Protein', 'Pharmacologic Substance']",,,
155,armotocol,drug,armotocol,,,[],[],40525490,drug_drug,1|2
156,aspiration pneumonia,disease,aspiration pneumonia,Aspiration Pneumonia,C0032290,['T047'],['Disease or Syndrome'],36064725,pathology_phenotype,2
157,aspiration risk,,aspiration risk,Aspiration risk,C5441511,['T201'],['Clinical Attribute'],,,
158,astrocyte,anatomy,astrocyte,Astrocytes,C0004112,['T025'],['Cell'],40301465,anatomy_protein_present,1
159,astrocytic,anatomy,astrocytic,astrocytic,C0521395,['T029'],['Body Location or Region'],37454976,anatomy_protein_present,1
160,astrogliosis,phenotype,astrogliosis,Astrocytosis,C3887640,['T046'],['Pathologic Function'],34720883|34944681,disease_phenotype_positive|phenotype_protein,1|2
161,ataxia-telangiectasia,disease,ataxia-telangiectasia,Ataxia Telangiectasia,C0004135,['T047'],['Disease or Syndrome'],36640220,disease_disease,2
162,atp6ap1-cdg,,atp6ap1-cdg,ATP6AP1-CDG,C6012366,['T047'],['Disease or Syndrome'],,,
163,atrophy,pathology | phenotype,atrophy,Atrophic,C0333641,['T046'],['Pathologic Function'],36640220|40009086,disease_phenotype_positive|pathology_anatomy_present,1|2
164,atrophy over time in these structures,phenotype,atrophy over time in these structures,,,[],[],37612148,disease_phenotype_positive,2
165,attenuated 2’3’-2′3′ cyclic gmp-amp production,,attenuated 2’3’-2′3′ cyclic gmp-amp production,,,[],[],,,
166,attenuated cerebellar degeneration,pathology,attenuated cerebellar degeneration,,,[],[],37128603,drug_effect,2
167,attenuated cerebellar inflammation,pathology,attenuated cerebellar inflammation,,,[],[],37128603,drug_effect,2
168,attenuated hepatic telyocytes multipotency,,attenuated hepatic telyocytes multipotency,,,[],[],,,
169,attenuated lysosomal dysfunction,phenotype,attenuated lysosomal dysfunction,,,[],[],38142760,phenotype_protein,2
170,attenuated microgliosis,phenotype,attenuated microgliosis,,,[],[],38142760,phenotype_protein,2
171,attenuated neuropathology,phenotype,attenuated neuropathology,,,[],[],37371089|37373322,phenotype_protein,1|2
172,attenuating neuroinflammation,phenotype,attenuating neuroinflammation,,,[],[],36638187,phenotype_protein,1
173,atypical infections,disease,atypical infections,"Mycobacterium Infections, Nontuberculous",C0026919,['T047'],['Disease or Syndrome'],35081253,disease_disease,2
174,auditory dysfunction,phenotype,auditory dysfunction,Auditory dysfunction,C5848262,['T184'],['Sign or Symptom'],40847051,drug_effect,2
175,auditory function,phenotype,auditory function,Hearing,C0018767,['T039'],['Physiologic Function'],36116252,drug_effect,2
176,autoantibodies,protein/gene,autoantibodies,Autoantibodies,C0004358,"['T116', 'T129']","['Amino Acid, Peptide, or Protein', 'Immunologic Factor']",35360843,disease_protein,2
177,autoimmune diseases,disease,autoimmune diseases,Autoimmune Diseases,C0004364,['T047'],['Disease or Syndrome'],38790666,disease_phenotype_positive,1
178,autoimmune phenomena,phenotype,autoimmune phenomena,,,[],[],35360843,disease_phenotype_positive,2
179,autophagic flux,biological_process | phenotype,autophagic flux,,,[],[],35081253|37047194,bioprocess_protein|phenotype_cellcomp,1|2
180,autophagy defects,phenotype,autophagy defects,,,[],[],38183651,drug_effect,2
181,autophagy deficit,,autophagy deficit,,,[],[],,,
182,autophagy impairment,phenotype,autophagy impairment,,,[],[],37047194,phenotype_phenotype,2
183,autophagy reactivation,biological_process,autophagy reactivation,,,[],[],38821960,bioprocess_bioprocess,1
184,autophagy-nad axis,,autophagy-nad axis,,,[],[],,,
185,autosomal recessive,phenotype,autosomal recessive,Autosomal recessive inheritance,C0441748,['T045'],['Genetic Function'],36636588,disease_phenotype_positive,2
186,autosomal recessive disease,disease,autosomal recessive disease,Autosomal recessive lymphoproliferative disease,C4749826,['T047'],['Disease or Syndrome'],34535129|34799641,disease_disease,1
187,autosomal recessive disorder,disease | phenotype,autosomal recessive disorder,Autosomal Recessive Disorder,C3899988,['T047'],['Disease or Syndrome'],38804481|38826605|40869913,disease_disease|disease_phenotype_positive,2
188,autosomal recessive inherited,phenotype,autosomal recessive inherited,Autosomal recessive inheritance,C0441748,['T045'],['Genetic Function'],37429811,disease_phenotype_positive,2
189,autosomal recessive lysosomal disorder,phenotype,autosomal recessive lysosomal disorder,,,[],[],34455703,disease_phenotype_positive,2
190,autosomal recessive lysosomal storage disease,disease,autosomal recessive lysosomal storage disease,,,[],[],36325261,disease_disease,2
191,autosomal recessive lysosomal storage disorder,disease,autosomal recessive lysosomal storage disorder,,,[],[],34682919,disease_disease,2
192,autosomal recessive neurodegenerative disease,disease,autosomal recessive neurodegenerative disease,HUNTINGTON DISEASE-LIKE 3 (disorder),C1858114,['T047'],['Disease or Syndrome'],37989569,disease_disease,1
193,autosomal recessive neurodegenerative lysosomal disorder,disease,autosomal recessive neurodegenerative lysosomal disorder,,,[],[],37008782,disease_disease,1
194,autosomal recessive neurovisceral disease,disease,autosomal recessive neurovisceral disease,,,[],[],38087834,disease_disease,1
195,autosomal recessive rare disease,disease,autosomal recessive rare disease,,,[],[],35164809,disease_disease,2
196,autosomal-recessive,phenotype,autosomal-recessive,Autosomal recessive inheritance,C0441748,['T045'],['Genetic Function'],34150357,disease_phenotype_positive,2
197,autosomal-recessive lysosomal disorder,disease,autosomal-recessive lysosomal disorder,,,[],[],40513057,disease_disease,2
198,axon terminals,cellular_component,axon terminals,Presynaptic Terminals,C0206181,['T026'],['Cell Component'],36482560,cellcomp_protein,2
199,axonal autophagic stress,phenotype,axonal autophagic stress,,,[],[],34085599,disease_phenotype_positive,2
200,axonal autophagic vacuoles accumulation,phenotype,axonal autophagic vacuoles accumulation,,,[],[],34085599,disease_phenotype_positive,2
201,axonal damage,pathology,axonal damage,Secondary axonal damage,C3808172,['T033'],['Finding'],40064165,phenotype_phenotype,2
202,axonal injury,phenotype,axonal injury,Diffuse Axonal Injury,C0752219,['T037'],['Injury or Poisoning'],38581830,phenotype_protein,2
203,axonal swellings,cellular_component,axonal swellings,Axonal swellings or spheroids,C2750221,['T033'],['Finding'],34948052,cellcomp_protein,1
204,axonal trafficking defects,phenotype,axonal trafficking defects,,,[],[],34592985,drug_effect,2
205,azasterol,drug,azasterol,"22,26-azasterol",C0534482,['T109'],['Organic Chemical'],39959107,drug_protein,1
206,aβ peptides,,aβ peptides,donanemab,C5237999,"['T116', 'T121', 'T129']","['Amino Acid, Peptide, or Protein', 'Pharmacologic Substance', 'Immunologic Factor']",,,
207,b-d-arabinofuranosyl cyclitol aziridine,,b-d-arabinofuranosyl cyclitol aziridine,,,[],[],,,
208,b-d-araf aziridine configuration,,b-d-araf aziridine configuration,,,[],[],,,
209,b. besnoiti replication,,b. besnoiti replication,,,[],[],,,
210,bace1 levels increased 3-fold,,bace1 levels increased 3-fold,,,[],[],,,
211,backward leaning during gait,phenotype,backward leaning during gait,,,[],[],35853348,disease_phenotype_positive,2
212,basal ganglia,anatomy,basal ganglia,Basal Ganglia,C0004781,['T023'],"['Body Part, Organ, or Organ Component']",38804481,anatomy_disease,2
213,bdnf expression,,bdnf expression,,,[],[],,,
214,beam walk latency,phenotype,beam walk latency,,,[],[],35563467,phenotype_protein,2
215,behavioral impairment,,behavioral impairment,Cognitive and behavioral impairment screening performed (ALS),C3702521,['T060'],['Diagnostic Procedure'],,,
216,behavioral manifestations,phenotype,behavioral manifestations,Behavioral/psychiatric manifestations,C1854373,['T201'],['Clinical Attribute'],37740198,pathology_phenotype,2
217,behavioral symptoms,phenotype,behavioral symptoms,Behavioral Symptoms,C0004941,['T184'],['Sign or Symptom'],37740198,disease_phenotype_positive,2
218,behavioural impairment,phenotype,behavioural impairment,Dialeptic seizure,C4023515,['T047'],['Disease or Syndrome'],40009086,pathology_phenotype,2
219,benzodiazepines,drug,benzodiazepines,Benzodiazepines,C0005064,"['T109', 'T121']","['Organic Chemical', 'Pharmacologic Substance']",34744838,drug_effect,1
220,bet,,bet,Gambling,C0016995,['T055'],['Individual Behavior'],,,
221,beta glucocerebroside,phenotype,beta glucocerebroside,GLUCOSYLCERAMIDASE,C0017768,"['T116', 'T126']","['Amino Acid, Peptide, or Protein', 'Enzyme']",39747180,phenotype_protein,1
222,"beta-1,3-n-acetylglucosaminyltransferase",,"beta-1,3-n-acetylglucosaminyltransferase","N-Acetyllactosaminide beta-1,3-N-acetylglucosaminyltransferase",C0067739,"['T116', 'T126']","['Amino Acid, Peptide, or Protein', 'Enzyme']",,,
223,beta-4-mannosyltransferase,molecular_function,beta-4-mannosyltransferase,Glucomannan 4-beta-mannosyltransferase,C0311828,"['T116', 'T126']","['Amino Acid, Peptide, or Protein', 'Enzyme']",37815467,molfunc_protein,2
224,better attention,,better attention,,,[],[],,,
225,better neurologic status,phenotype,better neurologic status,,,[],[],38294974,drug_effect,2
226,bile acid,protein/gene,bile acid,Bile Acid [EPC],C2917673,['T121'],['Pharmacologic Substance'],36719165,disease_protein,2
227,bile acids,phenotype,bile acids,Bile Acids,C0005390,"['T109', 'T123']","['Organic Chemical', 'Biologically Active Substance']",39628618,disease_phenotype_positive,2
228,biological activity of telocytes,,biological activity of telocytes,,,[],[],,,
229,bis(monoacylglycero)phosphate (bmp),,bis(monoacylglycero)phosphate (bmp),,,[],[],,,
230,bis(monoacylglycero)phosphate biosynthesis pathway,pathway,bis(monoacylglycero)phosphate biosynthesis pathway,,,[],[],36823305,pathway_protein,2
231,blinks to elicit saccades,phenotype,blinks to elicit saccades,,,[],[],34096670,disease_phenotype_positive,2
232,blocked equilibrative nucleoside transporter ent1,,blocked equilibrative nucleoside transporter ent1,,,[],[],,,
233,blood-brain barrier,anatomy,blood-brain barrier,Blood - brain barrier anatomy,C0005854,['T023'],"['Body Part, Organ, or Organ Component']",35245460|38852794|39891227,anatomy_protein_absent|anatomy_protein_present|drug_effect,1|2
234,blood-cerebrospinal fluid enlarged extracellular vesicles,anatomy,blood-cerebrospinal fluid enlarged extracellular vesicles,,,[],[],34720883,anatomy_protein_present,1
235,bmp hydrolysis,,bmp hydrolysis,,,[],[],,,
236,bor1,protein/gene,bor1,Branchiootorenal Syndrome 1,C4551702,['T047'],['Disease or Syndrome'],40504793,protein_protein,2
237,bor1 knockout,Gene therapy,bor1 knockout,,,[],[],40504793,drug_effect,1
238,borc-arl8-hops ensemble,,borc-arl8-hops ensemble,,,[],[],,,
239,brain capillaries,anatomy,brain capillaries,"Capillary Telangiectasia, Brain",C0752153,['T019'],['Congenital Abnormality'],35554935,anatomy_protein_present,2
240,brain capillary endothelial cells,anatomy,brain capillary endothelial cells,,,[],[],36431844,anatomy_protein_present|drug_effect,1|2
241,brain cells,anatomy,brain cells,brain cell,C0596208,['T025'],['Cell'],36199263,anatomy_protein_present,1
242,brain damage,phenotype,brain damage,Brain Injuries,C0270611,['T037'],['Injury or Poisoning'],39959107,disease_phenotype_positive,2
243,brain endothelial cells,anatomy,brain endothelial cells,TRARG1 gene,C1540132,['T028'],['Gene or Genome'],35554935,anatomy_anatomy|anatomy_disease,1
244,brain iron dysregulation,phenotype,brain iron dysregulation,,,[],[],37348967,disease_phenotype_positive,2
245,brain lesions,phenotype,brain lesions,Lesion of brain,C0221505,['T033'],['Finding'],38087834,phenotype_protein,1
246,brain microvascular endothelial cells,anatomy,brain microvascular endothelial cells,,,[],[],39706535,anatomy_disease|anatomy_protein_present,1
247,brain region inflammation,phenotype,brain region inflammation,,,[],[],34944681,disease_phenotype_positive,2
248,brain stem,anatomy,brain stem,Brain Stem,C0006121,['T023'],"['Body Part, Organ, or Organ Component']",39048052,anatomy_disease,1
249,brain tissue,anatomy,brain tissue,Brain tissue (substance),C0440746,['T024'],['Tissue'],34720883|38686625|39048052,anatomy_disease|anatomy_protein_present,1
250,brainiac mutants,protein/gene,brainiac mutants,,,[],[],37815467,bioprocess_protein|cellcomp_protein|molfunc_protein|phenotype_protein|protein_protein,1|2
251,broken hepatocytes,phenotype,broken hepatocytes,,,[],[],37429811,disease_phenotype_positive,2
252,buildup of autophagic organelles in dystrophic axons,phenotype,buildup of autophagic organelles in dystrophic axons,,,[],[],34085599,disease_phenotype_positive,2
253,buildup of endocytic in dystrophic axons,phenotype,buildup of endocytic in dystrophic axons,,,[],[],34085599,disease_phenotype_positive,2
254,c-abl,,c-abl,c-abl Proto-Oncogenes,C0079050,['T028'],['Gene or Genome'],,,
255,c-abl activation,,c-abl activation,,,[],[],,,
256,c-abl inhibitor,,c-abl inhibitor,,,[],[],,,
257,c-kit,,c-kit,BL-C Kit KIT,C5970792,['T203'],['Drug Delivery Device'],,,
258,c. 3182t>c,,c. 3182t>c,,,[],[],,,
259,"c.1204_1205tt>gc, p.f402a",,"c.1204_1205tt>gc, p.f402a",,,[],[],,,
260,c.1290delc (p.f431lfs*18),,c.1290delc (p.f431lfs*18),,,[],[],,,
261,c.1947+5g>c,,c.1947+5g>c,,,[],[],,,
262,c.1970g>a,,c.1970g>a,,,[],[],,,
263,c.1993c>g,,c.1993c>g,,,[],[],,,
264,c.2037delg,,c.2037delg,,,[],[],,,
265,"c.2486t>g, p.l829r",,"c.2486t>g, p.l829r",,,[],[],,,
266,c.2795+5 g>c,,c.2795+5 g>c,,,[],[],,,
267,c.2807g>a(p.g936d),,c.2807g>a(p.g936d),,,[],[],,,
268,c.2821 t>c,,c.2821 t>c,,,[],[],,,
269,c.2872c>g,,c.2872c>g,,,[],[],,,
270,c.2920_2923delcctg,,c.2920_2923delcctg,,,[],[],,,
271,c.3126delc,,c.3126delc,,,[],[],,,
272,c.3604_3605insa (p.i1202nfs*56),,c.3604_3605insa (p.i1202nfs*56),,,[],[],,,
273,c.3632 t>a,,c.3632 t>a,,,[],[],,,
274,c.364-4c>t,,c.364-4c>t,,,[],[],,,
275,"c.3722t>a, p.l1241*",,"c.3722t>a, p.l1241*",,,[],[],,,
276,"c.376g>a, p.v126m",,"c.376g>a, p.v126m",,,[],[],,,
277,c.406c>t,,c.406c>t,,,[],[],,,
278,c.542c>a,,c.542c>a,,,[],[],,,
279,c.709c>t,,c.709c>t,,,[],[],,,
280,c.881+3a>g,,c.881+3a>g,,,[],[],,,
281,ca2+ dyshomeostasis,,ca2+ dyshomeostasis,,,[],[],,,
282,ca2+ mobilization,,ca2+ mobilization,Defective (Ca2+) mobilization in T cells,C1849244,['T033'],['Finding'],,,
283,ca2+/calmodulin dependent protein kinases,,ca2+/calmodulin dependent protein kinases,calmodulin-dependent protein kinase activity,C1150537,['T044'],['Molecular Function'],,,
284,ca2+/calmodulindependent protein kinases (camks),,ca2+/calmodulindependent protein kinases (camks),,,[],[],,,
285,calbindin,protein/gene,calbindin,"Calbindin, Human",C6024576,['T116'],"['Amino Acid, Peptide, or Protein']",37454976,anatomy_protein_present,2
286,calcium dysfunction,phenotype,calcium dysfunction,Combined immunodeficiency due to CRAC (calcium release activated calcium) channel dysfunction,C4303571,['T047'],['Disease or Syndrome'],39202426,disease_phenotype_positive,2
287,calcium homeostasis,,calcium homeostasis,CALCIUM HOMEOSTASIS (substance),C3653518,['T121'],['Pharmacologic Substance'],,,
288,calcium influx,biological_process,calcium influx,transmembrane calcium influx,C3268810,['T043'],['Cell Function'],37128603,drug_bioprocess,2
289,calcium signaling pathways,biological_process | pathway,calcium signaling pathways,Calcium-Mediated Signaling Pathway,C2984272,['T169'],['Functional Concept'],38737295,cellcomp_bioprocess|disease_pathway,2
290,cancer cell pyroptosis,biological_process,cancer cell pyroptosis,,,[],[],41013744,drug_bioprocess,2
291,cancer progression,disease,cancer progression,Cancer Progression,C1947901,['T046'],['Pathologic Function'],41013744,disease_protein,1
292,canonical wnt signalling pathway,,canonical wnt signalling pathway,non-canonical Wnt signaling pathway,C2262807,['T044'],['Molecular Function'],,,
293,carbonyl cyanide 3-chlorophenylhydrazone,drug,carbonyl cyanide 3-chlorophenylhydrazone,carbonyl 3-chlorophenylhydrazone,C0526889,['T109'],['Organic Chemical'],35159316,drug_bioprocess|drug_effect,1
294,catalepsy,phenotype,catalepsy,Catalepsy,C0007370,['T048'],['Mental or Behavioral Dysfunction'],37429811,disease_phenotype_positive,2
295,catatonia,phenotype,catatonia,Catatonia,C0007398,['T033'],['Finding'],34744838|39607035,disease_phenotype_positive,2
296,catatonic episodes,phenotype,catatonic episodes,"Major depressive disorder, single episode with catatonic features",C0520667,['T048'],['Mental or Behavioral Dysfunction'],39607035,disease_phenotype_positive,2
297,catatonic features,phenotype,catatonic features,Recurrent major depressive disorder with catatonic features,C0520672,['T048'],['Mental or Behavioral Dysfunction'],34744838,exposure_phenotype,2
298,cathepsin b,,cathepsin b,Cathepsins B,C0699919,"['T116', 'T126']","['Amino Acid, Peptide, or Protein', 'Enzyme']",,,
299,cathepsin d,,cathepsin d,CATHEPSIN D,C0007427,"['T116', 'T126']","['Amino Acid, Peptide, or Protein', 'Enzyme']",,,
300,cathepsin z,,cathepsin z,cathepsin Z,C0912403,"['T116', 'T126']","['Amino Acid, Peptide, or Protein', 'Enzyme']",,,
301,cationic amphiphilic agents,drug,cationic amphiphilic agents,,,[],[],36325261,drug_effect,1
302,cationic amphiphilic drugs,,cationic amphiphilic drugs,,,[],[],,,
303,caudate,,caudate,Caudate nucleus structure,C0007461,['T023'],"['Body Part, Organ, or Organ Component']",,,
304,caused central nervous system inflammation,phenotype,caused central nervous system inflammation,,,[],[],35694196,drug_effect,2
305,caused demyelination,phenotype,caused demyelination,,,[],[],35694196,drug_effect,2
306,caused neurological side effects,phenotype,caused neurological side effects,,,[],[],35694196,drug_effect,2
307,ccrcc,,ccrcc,Conventional (Clear Cell) Renal Cell Carcinoma,C0279702,['T191'],['Neoplastic Process'],,,
308,cd22 blocking antibodies,,cd22 blocking antibodies,,,[],[],,,
309,cd4+ t-cell activation,,cd4+ t-cell activation,"CD4-positive, alpha-beta T cell activation",C3158898,['T043'],['Cell Function'],,,
310,cell death suppression,phenotype,cell death suppression,symbiont-mediated suppression of host programmed cell death,C1816613,['T040'],['Organism Function'],38821960,bioprocess_bioprocess,2
311,cell phenotypic changes,phenotype,cell phenotypic changes,,,[],[],40301465,phenotype_phenotype,2
312,cell surface-accessible cholesterol,,cell surface-accessible cholesterol,,,[],[],,,
313,cell viability,phenotype,cell viability,Cell Survival,C0007620,['T043'],['Cell Function'],34410604|39706535,drug_effect|phenotype_protein,2
314,cellular and systemic growth control,biological_process,cellular and systemic growth control,,,[],[],35245460,exposure_bioprocess,2
315,cellular cholesterol trafficking,biological_process,cellular cholesterol trafficking,,,[],[],40026274,bioprocess_protein,1|2
316,cellular migration,,cellular migration,"Migration, Cell",C1622501,['T043'],['Cell Function'],,,
317,cellular organelles,cellular_component,cellular organelles,,,[],[],34455703,cellcomp_protein|exposure_cellcomp,2
318,cellular pathology (npc),,cellular pathology (npc),,,[],[],,,
319,cellular signaling,biological_process,cellular signaling,signaling pathway involved in cellular response to ammonium ion,C3895299,['T043'],['Cell Function'],35563467,disease_protein,1
320,cellular stress,phenotype,cellular stress,Cellular Stress,C1516373,['T049'],['Cell or Molecular Dysfunction'],35159316,phenotype_phenotype,1
321,central nervous system cholesterol metabolism,biological_process,central nervous system cholesterol metabolism,,,[],[],37670901,bioprocess_protein,1
322,central nervous system diseases,disease,central nervous system diseases,Central Nervous System Viral Diseases,C0348165,['T047'],['Disease or Syndrome'],35554935,anatomy_disease,2
323,central nervous system inflammation,biological_process,central nervous system inflammation,Inflammatory disease of the central nervous system,C0178264,['T047'],['Disease or Syndrome'],37670901,bioprocess_protein,1
324,ceramide,,ceramide,ceramides,C0007745,"['T109', 'T123']","['Organic Chemical', 'Biologically Active Substance']",,,
325,ceramide glucosyltransferase,protein/gene,ceramide glucosyltransferase,Ceramide glucosyltransferase,C0163410,"['T116', 'T126']","['Amino Acid, Peptide, or Protein', 'Enzyme']",35696615,drug_protein,2
326,ceramide homeostasis,biological_process,ceramide homeostasis,,,[],[],34175669,bioprocess_protein,2
327,ceramide synthase complex,protein/gene,ceramide synthase complex,acyl-CoA ceramide synthase complex,C3820932,['T026'],['Cell Component'],37440478,protein_protein,2
328,cerebellar anterior purkinje neurons,,cerebellar anterior purkinje neurons,,,[],[],,,
329,cerebellar ataxia,disease | phenotype,cerebellar ataxia,Cerebellar Ataxia,C0007758,['T047'],['Disease or Syndrome'],34802899|35192242|35452076|36199263|37008782|37454976|40221338|40436106|40520915|40663813,disease_phenotype_positive,1|2
330,cerebellar dysfunction,phenotype,cerebellar dysfunction,Cerebellar Diseases,C0007760,['T047'],['Disease or Syndrome'],38599016,disease_phenotype_positive,2
331,cerebellar hemisphere atrophy,phenotype,cerebellar hemisphere atrophy,computed tomography of brain: hemispheric cerebellar atrophy,C2238496,['T033'],['Finding'],34535129,disease_phenotype_positive,2
332,cerebellar hypometabolism progression,phenotype,cerebellar hypometabolism progression,,,[],[],40009086,drug_effect,2
333,cerebellar lobules i-iii,,cerebellar lobules i-iii,,,[],[],,,
334,cerebellar lobules ii,,cerebellar lobules ii,Lobule II of hemisphere of cerebellum,C4254326,['T023'],"['Body Part, Organ, or Organ Component']",,,
335,cerebellar lobules iii,,cerebellar lobules iii,,,[],[],,,
336,cerebellar myelination,phenotype,cerebellar myelination,Loss of myelin in the cerebral and cerebellar white matter,C4015162,['T033'],['Finding'],36455410,drug_effect,2
337,cerebellar pathology,pathology,cerebellar pathology,,,[],[],38868844,disease_pathology,2
338,cerebellar weights,phenotype,cerebellar weights,T1 weighted MRI of head: cerebellar atrophy,C2238636,['T033'],['Finding'],36455410,drug_effect,2
339,cerebellar- cerebral circuitry,anatomy,cerebellar- cerebral circuitry,,,[],[],38131307,anatomy_disease,1
340,cerebral damage,pathology,cerebral damage,Brain Injuries,C0270611,['T037'],['Injury or Poisoning'],36608914,pathology_phenotype,1
341,cerebral glucose metabolism,biological_process,cerebral glucose metabolism,,,[],[],34387740,drug_bioprocess,2
342,cerebral gray matter,anatomy,cerebral gray matter,Cerebral cortex,C0007776,['T023'],"['Body Part, Organ, or Organ Component']",37008782,phenotype_anatomy,2
343,cerebrospinal fluid neurodegeneration,protein/gene,cerebrospinal fluid neurodegeneration,,,[],[],37670901,protein_protein,1
344,cerebrum,anatomy,cerebrum,Cerebrum,C0242202,['T023'],"['Body Part, Organ, or Organ Component']",39048052,anatomy_disease,1
345,cfs level of total tau,,cfs level of total tau,,,[],[],,,
346,cg lipid burden,,cg lipid burden,,,[],[],,,
347,cgas-sting,,cgas-sting,cGAS-STING Activation,C6016632,['T044'],['Molecular Function'],,,
348,cgas-sting signaling,,cgas-sting signaling,cGAS-STING Signaling Pathway,C5815298,['T044'],['Molecular Function'],,,
349,changed morphology of microglia,phenotype,changed morphology of microglia,,,[],[],39173891,disease_phenotype_positive,1
350,changes in stx7,,changes in stx7,,,[],[],,,
351,changes in vamp7,,changes in vamp7,,,[],[],,,
352,changes in vti1b,,changes in vti1b,,,[],[],,,
353,childhood alzheimer's,,childhood alzheimer's,,,[],[],,,
354,chitotriosidase,protein/gene,chitotriosidase,chitotriosidase,C0253005,"['T116', 'T126']","['Amino Acid, Peptide, or Protein', 'Enzyme']",39697013,disease_protein,1
355,chitotriosidase activity,phenotype | protein/gene,chitotriosidase activity,Elevated circulating chitotriosidase activity,C5937366,['T033'],['Finding'],34303826|35892469,disease_phenotype_positive|disease_protein,2
356,chloride channel inhibitors,drug,chloride channel inhibitors,chloride channel inhibitor activity,C1153083,['T044'],['Molecular Function'],38645072,drug_effect,1
357,chloride channel target therapy,drug,chloride channel target therapy,,,[],[],38645072,indication,1
358,chloride homeostasis,biological_process,chloride homeostasis,chloride ion homeostasis,C2262730,['T040'],['Organism Function'],38645072,bioprocess_bioprocess,1
359,"cholestane-3β,5α,6β-triol",,"cholestane-3β,5α,6β-triol",,,[],[],,,
360,"cholestane-3β,5α,6β-triol ; trihydroxycholanic acid glycinate ;n-palmitoyl-o-phosphocholineserine",,"cholestane-3β,5α,6β-triol ; trihydroxycholanic acid glycinate ;n-palmitoyl-o-phosphocholineserine",,,[],[],,,
361,"cholestane-5α,6β-diol-3β-sulfonate",chemical,"cholestane-5α,6β-diol-3β-sulfonate",,,[],[],37683773,chemical_bioprocess|chemical_effect|chemical_protein,1
362,cholestatic,phenotype,cholestatic,Cholestatic hepatitis,C0149904,['T047'],['Disease or Syndrome'],34455703,disease_phenotype_positive,2
363,cholestatic jaundice,phenotype,cholestatic jaundice,"Jaundice, Obstructive",C0022354,['T047'],['Disease or Syndrome'],35360843,disease_phenotype_positive,2
364,cholestatic liver failure,phenotype,cholestatic liver failure,Cholestatic liver failure,C4229322,['T047'],['Disease or Syndrome'],36719165,disease_phenotype_positive,2
365,cholesterol 24-hydroxylase,,cholesterol 24-hydroxylase,cholesterol 24-hydroxylase,C0769789,"['T116', 'T126']","['Amino Acid, Peptide, or Protein', 'Enzyme']",,,
366,cholesterol accumlation,phenotype,cholesterol accumlation,,,[],[],38142760,phenotype_cellcomp,1
367,cholesterol accumulates in npc1-deficient lysosomes,,cholesterol accumulates in npc1-deficient lysosomes,,,[],[],,,
368,cholesterol accumulation,biological_process | pathology | phenotype,cholesterol accumulation,Cholesterol crystal accumulation,C5436605,['T033'],['Finding'],34455703|34502342|34948052|35007562|35159129|35159316|35891519|36085278|36116252|36482560|36722045|36823305|37440478|37458497|37890669|38033125|38087834|38142760|38599016|39366931|40003936|40215728|40565243,bioprocess_bioprocess|cellcomp_bioprocess|disease_phenotype_positive|drug_effect|phenotype_anatomy|phenotype_cellcomp|phenotype_phenotype|phenotype_protein,1|2
369,cholesterol accumulation in host cytoplasmic dense vesicles,phenotype,cholesterol accumulation in host cytoplasmic dense vesicles,,,[],[],39183751,drug_effect,2
370,cholesterol accumulation phenotype,phenotype,cholesterol accumulation phenotype,,,[],[],36823305,phenotype_protein,1
371,cholesterol acquisition,biological_process,cholesterol acquisition,,,[],[],39183751,bioprocess_protein,2
372,cholesterol buildup,phenotype,cholesterol buildup,,,[],[],37507375,disease_phenotype_positive,2
373,cholesterol clearance,biological_process,cholesterol clearance,,,[],[],40184172,bioprocess_protein|drug_bioprocess,1|2
374,cholesterol depletion,phenotype,cholesterol depletion,Hypocholesterolemia,C0151718,['T047'],['Disease or Syndrome'],34948052,phenotype_phenotype,1
375,cholesterol deposition,phenotype,cholesterol deposition,Cholesterol deposition,C0333576,['T046'],['Pathologic Function'],35554935,phenotype_protein,2
376,cholesterol dyshomeostasis,phenotype,cholesterol dyshomeostasis,,,[],[],36322609,phenotype_protein,2
377,cholesterol dysregulation,phenotype,cholesterol dysregulation,,,[],[],39202426,phenotype_protein,2
378,cholesterol egress,biological_process,cholesterol egress,,,[],[],37440478,bioprocess_protein,2
379,cholesterol elimination,biological_process | phenotype,cholesterol elimination,Increased Cholesterol Elimination,C1372254,['T042'],['Organ or Tissue Function'],38142760,bioprocess_protein|phenotype_protein,2
380,cholesterol esterification,,cholesterol esterification,Impaired cholesterol esterification,C5436372,['T033'],['Finding'],,,
381,cholesterol exit from lysosomes,biological_process,cholesterol exit from lysosomes,,,[],[],37890669,bioprocess_protein,2
382,cholesterol export,biological_process,cholesterol export,cholesterol efflux,C2246761,['T043'],['Cell Function'],35507892|38302739,bioprocess_protein,1|2
383,cholesterol levels,phenotype,cholesterol levels,Cholesterol level test result,C0428466,['T034'],['Laboratory or Test Result'],39518914,drug_effect,2
384,cholesterol localization,phenotype,cholesterol localization,,,[],[],39706535,drug_effect,2
385,cholesterol metabolism,biological_process | phenotype,cholesterol metabolism,cholesterol metabolism,C1156530,['T044'],['Molecular Function'],36279795|37670901,drug_bioprocess,2
386,cholesterol mis-localization,phenotype,cholesterol mis-localization,,,[],[],40301465,exposure_phenotype,2
387,cholesterol movement,biological_process,cholesterol movement,,,[],[],36777709,bioprocess_protein,1|2
388,cholesterol overloaded,biological_process,cholesterol overloaded,,,[],[],38302739,cellcomp_bioprocess,2
389,cholesterol phenotype,,cholesterol phenotype,,,[],[],,,
390,cholesterol processing,,cholesterol processing,cholesterol catabolic process,C1156534,['T044'],['Molecular Function'],,,
391,cholesterol release from lysosomes,biological_process,cholesterol release from lysosomes,,,[],[],40972529,bioprocess_protein,2
392,cholesterol solubilization,biological_process,cholesterol solubilization,,,[],[],36116252,drug_bioprocess,2
393,cholesterol storage disorder,phenotype,cholesterol storage disorder,Cholesterol Ester Storage Disease,C0008384,['T047'],['Disease or Syndrome'],36431844,disease_phenotype_positive|drug_effect,2
394,cholesterol storage in endosomes,phenotype,cholesterol storage in endosomes,,,[],[],36920149,disease_phenotype_positive,2
395,cholesterol storage in lysosomes,phenotype,cholesterol storage in lysosomes,,,[],[],36920149,disease_phenotype_positive,2
396,cholesterol synthesis,biological_process,cholesterol synthesis,Increased Cholesterol Synthesis,C1372255,['T042'],['Organ or Tissue Function'],34290407,bioprocess_protein,2
397,cholesterol trafficking,biological_process | phenotype,cholesterol trafficking,STAR wt Allele,C5960876,['T028'],['Gene or Genome'],35850050|36301667|36325261|39366931|40257496,bioprocess_protein|disease_phenotype_positive|phenotype_protein,1|2
398,cholesterol trafficking proteins,biological_process,cholesterol trafficking proteins,,,[],[],36636588,bioprocess_disease,1
399,cholesterol transport proteins,protein/gene,cholesterol transport proteins,Cholesterol Ester Transfer Proteins,C0055538,"['T116', 'T123']","['Amino Acid, Peptide, or Protein', 'Biologically Active Substance']",39452896,disease_protein,2
400,cholesterol transport to the plasma membrane,biological_process,cholesterol transport to the plasma membrane,,,[],[],40972529,bioprocess_protein,2
401,cholesterol transporter,molecular_function,cholesterol transporter,cholesterol transporter activity,C1153630,['T044'],['Molecular Function'],35245460|35850050|40306479,molfunc_protein,1|2
402,cholesterol uptake gene,protein/gene,cholesterol uptake gene,,,[],[],41013744,protein_protein,1
403,cholesterol-binding,molecular_function,cholesterol-binding,cholesterol binding,C1149531,['T044'],['Molecular Function'],36861884,molfunc_protein,1
404,cholesterylesters,phenotype,cholesterylesters,Cholesterol Ester Storage Disease,C0008384,['T047'],['Disease or Syndrome'],34810067,disease_phenotype_negative,2
405,chorea,phenotype,chorea,Chorea,C0008489,['T047'],['Disease or Syndrome'],35853348|38804481|40221338,disease_phenotype_positive|phenotype_phenotype,2
406,choriod plexus,anatomy,choriod plexus,,,[],[],34720883,anatomy_protein_present,1
407,choroid plexus enlargement,phenotype,choroid plexus enlargement,,,[],[],39689839,disease_phenotype_positive|pathology_phenotype,2
408,choroid plexus epithelial cells,anatomy,choroid plexus epithelial cells,Epithelial cell of choroid plexus,C1182609,['T025'],['Cell'],34720883,anatomy_protein_present|phenotype_anatomy,1|2
409,choroid plexus volumes,phenotype,choroid plexus volumes,,,[],[],39689839,phenotype_protein,2
410,chronic insomnia,phenotype,chronic insomnia,Chronic Insomnia,C0751249,['T047'],['Disease or Syndrome'],36199263,phenotype_phenotype,2
411,chronic neurodegeneration,phenotype,chronic neurodegeneration,,,[],[],40221338,disease_phenotype_positive,2
412,chronic stress,phenotype,chronic stress,Chronic stress,C1510527,['T033'],['Finding'],37367064,disease_protein,2
413,ci-mpr-dependent trafficking of npc2,,ci-mpr-dependent trafficking of npc2,,,[],[],,,
414,ciliary accessible cholesterol,phenotype,ciliary accessible cholesterol,,,[],[],40737317,bioprocess_protein|phenotype_protein,1|2
415,ciliary hedgehog signaling,,ciliary hedgehog signaling,ciliary receptor clustering involved in smoothened signaling pathway,C2753058,['T044'],['Molecular Function'],,,
416,circulating inflammatory monocytes,anatomy,circulating inflammatory monocytes,,,[],[],37369603,phenotype_anatomy,2
417,circulation failure,phenotype,circulation failure,Shock,C0036974,['T046'],['Pathologic Function'],37429811,phenotype_phenotype,2
418,cis-ptase,,cis-ptase,,,[],[],,,
419,clear cholesterol from liver,phenotype,clear cholesterol from liver,,,[],[],36279795,drug_effect,2
420,clearance of substrates,,clearance of substrates,,,[],[],,,
421,clinical manifestations,phenotype,clinical manifestations,"tuberculosis; infection, without clinical manifestations",C1407572,['T047'],['Disease or Syndrome'],39502943,disease_phenotype_positive,2
422,clinical phenotype,phenotype,clinical phenotype,Highly variable clinical phenotype,C1839039,['T033'],['Finding'],38131230,pathology_phenotype,2
423,cln1 disease,,cln1 disease,Juvenile CLN1 disease,C6012314,['T047'],['Disease or Syndrome'],,,
424,cns,,cns,Central Nervous System,C3714787,['T022'],['Body System'],,,
425,cns biomarkers,,cns biomarkers,,,[],[],,,
426,cochlear outer hair cells,,cochlear outer hair cells,Cochlear outer hair cell,C1518683,['T025'],['Cell'],,,
427,coenzyme q10,,coenzyme q10,COENZYME Q10 DEFICIENCY,C1843920,['T047'],['Disease or Syndrome'],,,
428,coginitive decline,phenotype,coginitive decline,,,[],[],40221338|40525490,disease_phenotype_positive,2
429,cognitive decline,phenotype,cognitive decline,Impaired cognition,C0338656,['T048'],['Mental or Behavioral Dysfunction'],35853348|36199263|38087834|40306479|40898442,disease_phenotype_positive|phenotype_phenotype,2
430,cognitive deficit,protein/gene,cognitive deficit,Impaired cognition,C0338656,['T048'],['Mental or Behavioral Dysfunction'],37128603,drug_bioprocess,2
431,cognitive disorders,phenotype,cognitive disorders,Cognition Disorders,C0009241,['T048'],['Mental or Behavioral Dysfunction'],37740198,disease_phenotype_positive,2
432,cognitive disturbances,phenotype,cognitive disturbances,Impaired cognition,C0338656,['T048'],['Mental or Behavioral Dysfunction'],34993563,disease_phenotype_positive,2
433,cognitive function,phenotype,cognitive function,Cognitive functions,C0392335,['T041'],['Mental Process'],34851695,phenotype_protein,1
434,cognitive performance deterioration,phenotype,cognitive performance deterioration,,,[],[],40701909,disease_phenotype_positive,2
435,"combination of miglustat, allopregnanolone, and 2-hydroxypropyl-ß-cyclodextrin",drug,"combination of miglustat, allopregnanolone, and 2-hydroxypropyl-ß-cyclodextrin",,,[],[],36614015,drug_effect,1
436,compensating strategies,phenotype,compensating strategies,Adjusts strategies to compensate for disabilities,C4718647,['T033'],['Finding'],34096670,disease_phenotype_positive,2
437,complex asparagine-linked glycosylation,biological_process,complex asparagine-linked glycosylation,,,[],[],35563467,bioprocess_protein|disease_phenotype_positive|disease_protein,1|2
438,compromised ability to mobilize lipids from lipid vesicles,,compromised ability to mobilize lipids from lipid vesicles,,,[],[],,,
439,congenital disorders of glycosylation,,congenital disorders of glycosylation,Congenital Disorders of Glycosylation,C0282577,['T047'],['Disease or Syndrome'],,,
440,convergent pathway,pathway,convergent pathway,Surgically constructed convergence of inferior and superior vena cava pathways into common pathway superior to atrioventricular valve,C2732609,['T023'],"['Body Part, Organ, or Organ Component']",40737317,pathway_pathway|pathway_protein,1|2
441,cornu ammonis regions 1 region,,cornu ammonis regions 1 region,CA1 field,C0694598,['T029'],['Body Location or Region'],,,
442,cornu ammonis regions 2 region,,cornu ammonis regions 2 region,CA2 field,C0694599,['T023'],"['Body Part, Organ, or Organ Component']",,,
443,cornu ammonis regions 3 region,,cornu ammonis regions 3 region,CA3 field,C0694600,['T023'],"['Body Part, Organ, or Organ Component']",,,
444,corrected cholesterol accumulation,,corrected cholesterol accumulation,,,[],[],,,
445,corrected cholesterol localization,,corrected cholesterol localization,,,[],[],,,
446,corrected npc1 localization,,corrected npc1 localization,,,[],[],,,
447,cortical,phenotype,cortical,Cerebral cortex,C0007776,['T023'],"['Body Part, Organ, or Organ Component']",36199263,phenotype_phenotype,1
448,cortical symptoms,phenotype,cortical symptoms,,,[],[],40866990,drug_effect,2
449,course of the disease,phenotype,course of the disease,Usual course of disease,C1820861,['T033'],['Finding'],36243834,drug_effect,2
450,creatinine synthesis pathway,pathway,creatinine synthesis pathway,,,[],[],39452896,pathway_protein,2
451,crohn’s disease,,crohn’s disease,,,[],[],,,
452,cryptic splice donor site,pathology,cryptic splice donor site,,,[],[],40026274,pathology_phenotype,1|2
453,ctep,,ctep,NCI CTEP Simplified Disease Classification Terminology,C3641000,['T170'],['Intellectual Product'],,,
454,cyb5,,cyb5,CYB5 and CYB5 Reductase,C5886624,"['T116', 'T126']","['Amino Acid, Peptide, or Protein', 'Enzyme']",,,
455,cyclic amp signalling pathway,,cyclic amp signalling pathway,,,[],[],,,
456,cyclodextrin,drug,cyclodextrin,cyclodextrins,C0010558,"['T109', 'T130']","['Organic Chemical', 'Indicator, Reagent, or Diagnostic Aid']",34455703,drug_effect,1
457,cyclodextrins complexes with unesterified cholesterol,,cyclodextrins complexes with unesterified cholesterol,,,[],[],,,
458,cyclooxygenase,molecular_function,cyclooxygenase,Prostaglandin-Endoperoxide Synthase,C0033551,"['T116', 'T126']","['Amino Acid, Peptide, or Protein', 'Enzyme']",40306479,molfunc_molfunc,1
459,cyclophellitol aziridine activity-based probe,,cyclophellitol aziridine activity-based probe,,,[],[],,,
460,cyclophellitols,GRAS/Excipient/prodrug,cyclophellitols,cyclophellitol,C0082160,"['T109', 'T121']","['Organic Chemical', 'Pharmacologic Substance']",39246358,exposure_protein,1
461,cyp46,,cyp46,CYP46A1 gene,C1413885,['T028'],['Gene or Genome'],,,
462,cysteine metabolism pathway,pathway,cysteine metabolism pathway,Cysteine and Methionine Metabolism Pathway,C2984227,['T169'],['Functional Concept'],39452896,pathway_protein,2
463,cytochrome p450,,cytochrome p450,Cytochrome P450,C0010762,"['T116', 'T126']","['Amino Acid, Peptide, or Protein', 'Enzyme']",,,
464,cytochrome p450 pathway,,cytochrome p450 pathway,Drug Metabolism by Cytochrome P450 Pathway,C2984237,['T169'],['Functional Concept'],,,
465,cytolosic dsdna accumulation,,cytolosic dsdna accumulation,,,[],[],,,
466,cytoplasmic retention,biological_process,cytoplasmic retention,"Dnajc7 protein, mouse",C1313244,['T116'],"['Amino Acid, Peptide, or Protein']",40427492,phenotype_protein,2
467,cytoplasmic vesicles,cellular_component,cytoplasmic vesicles,Cytoplasmic Vesicles,C0887884,['T026'],['Cell Component'],36431844,drug_effect,2
468,cytosolic b-glucosidase,cellular_component,cytosolic b-glucosidase,,,[],[],39246358,cellcomp_protein,1
469,cytotoxic granules,cellular_component,cytotoxic granules,Cytotoxic Granule Protein,C3899478,"['T116', 'T123']","['Amino Acid, Peptide, or Protein', 'Biologically Active Substance']",35081253,cellcomp_protein,1
470,cytotoxic t lymphocyte cytotoxicity,,cytotoxic t lymphocyte cytotoxicity,Cytotoxic T-Lymphocytes,C0039195,['T025'],['Cell'],,,
471,cytotoxicity,phenotype,cytotoxicity,cytotoxicity,C0596402,['T049'],['Cell or Molecular Dysfunction'],36409725,drug_effect,2
472,damaged central nervous system.,phenotype,damaged central nervous system.,maternal care for other central nervous system malformation or damage in fetus,C5683994,['T058'],['Health Care Activity'],35408815,disease_phenotype_positive,2
473,damaged peripheral organs,phenotype,damaged peripheral organs,,,[],[],35408815,disease_phenotype_positive,2
474,dearth in the lysosome loading of cholesterol transporter,phenotype,dearth in the lysosome loading of cholesterol transporter,,,[],[],38183651,phenotype_protein,1
475,death,phenotype,death,Death (finding),C1306577,['T033'],['Finding'],35192242|38087834,disease_phenotype_positive|phenotype_protein,1|2
476,debilitating condition,disease,debilitating condition,"Identify presence of at-risk conditions (e.g., age, debilitated and immunocompromised persons, recent illness, trauma, invasive procedures, chronic conditions, change in cognition and affect)",C5915579,['T058'],['Health Care Activity'],34819124,disease_disease,2
477,decaarginine endcapped polyrotaxanes,drug,decaarginine endcapped polyrotaxanes,,,[],[],36584173,drug_effect|exposure_cellcomp,1
478,decelerated disease progression,phenotype,decelerated disease progression,,,[],[],40009086,drug_effect,2
479,deceleration of vertical saccades,,deceleration of vertical saccades,,,[],[],,,
480,declined gait abnormalities,phenotype,declined gait abnormalities,,,[],[],34387740,drug_effect,2
481,declined motor dysfunction,phenotype,declined motor dysfunction,,,[],[],34387740,drug_effect,2
482,declining cognition,phenotype,declining cognition,Impaired cognition,C0338656,['T048'],['Mental or Behavioral Dysfunction'],37210540,disease_phenotype_positive,2
483,decrease cholesterol accumulation,phenotype,decrease cholesterol accumulation,,,[],[],35487270,drug_effect,2
484,decrease in cerebrospinal fluid disease severity levels,phenotype,decrease in cerebrospinal fluid disease severity levels,,,[],[],39688135,drug_effect,2
485,decrease long term hematopoietic stem cells in bone marrow,phenotype,decrease long term hematopoietic stem cells in bone marrow,,,[],[],35007562,phenotype_protein,1
486,decrease long term hematopoietic stem in bone marrow,phenotype,decrease long term hematopoietic stem in bone marrow,,,[],[],35007562,phenotype_protein,1
487,decrease short term hematopoietic stem cells in bone marrow,phenotype,decrease short term hematopoietic stem cells in bone marrow,,,[],[],35007562,phenotype_protein,1
488,decrease short term hematopoietic stem in bone marrow,phenotype,decrease short term hematopoietic stem in bone marrow,,,[],[],35007562,phenotype_protein,1
489,decreased astrogliosis,phenotype,decreased astrogliosis,,,[],[],34944681,drug_effect,2
490,decreased brain s-adenosyl-l-methionine levels,,decreased brain s-adenosyl-l-methionine levels,,,[],[],,,
491,decreased cerebrospinal fluid levels of lpc o-16:0,,decreased cerebrospinal fluid levels of lpc o-16:0,,,[],[],,,
492,decreased cerebrospinal fluid levels of lpc o-18:1,,decreased cerebrospinal fluid levels of lpc o-18:1,,,[],[],,,
493,decreased cerebrospinal fluid ubiquitin c-terminal hydrolase-l1 levels,,decreased cerebrospinal fluid ubiquitin c-terminal hydrolase-l1 levels,,,[],[],,,
494,decreased cfs level of total tau,,decreased cfs level of total tau,,,[],[],,,
495,decreased cholesterol accumulation,phenotype,decreased cholesterol accumulation,,,[],[],35159129,drug_effect,2
496,decreased cholesterol content associated with late endosome,phenotype,decreased cholesterol content associated with late endosome,,,[],[],35507892,phenotype_protein,2
497,decreased er ca2+ levels,,decreased er ca2+ levels,,,[],[],,,
498,decreased filipin+ cholesterol accumulation,,decreased filipin+ cholesterol accumulation,,,[],[],,,
499,decreased levels of adenosine 5′-triphosphate,phenotype,decreased levels of adenosine 5′-triphosphate,,,[],[],38550777,phenotype_protein,2
500,decreased levels of purkinje neurons,,decreased levels of purkinje neurons,,,[],[],,,
501,decreased microgliosis,phenotype,decreased microgliosis,,,[],[],34944681,drug_effect,2
502,decreased mitochondrial glutathione levels,phenotype,decreased mitochondrial glutathione levels,,,[],[],38599016,phenotype_protein,2
503,decreased ormdls,,decreased ormdls,,,[],[],,,
504,decreased oxidative stress,phenotype,decreased oxidative stress,,,[],[],34175669,phenotype_protein,2
505,decreased pai-1,,decreased pai-1,,,[],[],,,
506,decreased pdgf-aa,,decreased pdgf-aa,,,[],[],,,
507,decreased pigmentation,phenotype,decreased pigmentation,Decreased Pigmentation,C5205893,['T033'],['Finding'],37423302,phenotype_protein,2
508,decreased pro-neuropeptide y,,decreased pro-neuropeptide y,,,[],[],,,
509,decreased soat1,,decreased soat1,,,[],[],,,
510,decreased stard1 expression,,decreased stard1 expression,,,[],[],,,
511,decreased tumor metastasis,phenotype,decreased tumor metastasis,,,[],[],35563467,phenotype_protein,2
512,decreased tyrosinase-related protein 1,phenotype,decreased tyrosinase-related protein 1,,,[],[],37423302,phenotype_protein,2
513,decreased vacuolar fragmentation,phenotype,decreased vacuolar fragmentation,,,[],[],40504793,drug_effect,2
514,decreased vertical saccades peak velocity,phenotype,decreased vertical saccades peak velocity,,,[],[],34096670,disease_phenotype_positive,2
515,decreases the association of the luminal transporter npc2,,decreases the association of the luminal transporter npc2,,,[],[],,,
516,deep brain signs,phenotype,deep brain signs,,,[],[],36199263,phenotype_phenotype,1
517,deep cerebellar nuclei,anatomy,deep cerebellar nuclei,Cerebellar Nuclei,C0007763,['T023'],"['Body Part, Organ, or Organ Component']",37539272,anatomy_anatomy|anatomy_disease|pathology_anatomy_present,1|2
518,deep cerebellar nuclei neurons,anatomy,deep cerebellar nuclei neurons,,,[],[],37539272,anatomy_protein_present,2
519,defective autophagic flux,,defective autophagic flux,,,[],[],,,
520,defective cholesterol trafficking,biological_process,defective cholesterol trafficking,,,[],[],38549495,bioprocess_protein|cellcomp_bioprocess,1|2
521,defective fusion of autophagosomes,phenotype,defective fusion of autophagosomes,,,[],[],35159316,phenotype_phenotype,1
522,defective fusion of lysosomes,phenotype,defective fusion of lysosomes,,,[],[],35159316,phenotype_phenotype,1
523,defective lysosomal cholesterol efflux,phenotype,defective lysosomal cholesterol efflux,,,[],[],36409725,disease_phenotype_positive,2
524,defective mitochondria,,defective mitochondria,Hypermetabolism due to Defect in Mitochondria,C1855926,['T047'],['Disease or Syndrome'],,,
525,defective mitophagy induction,phenotype,defective mitophagy induction,,,[],[],35159316,drug_effect|phenotype_protein,2
526,defective platelet aggregation,,defective platelet aggregation,Impaired platelet aggregation,C1855853,['T033'],['Finding'],,,
527,defective platelet secretion,,defective platelet secretion,Platelet dense granule secretion defects,C4539621,['T033'],['Finding'],,,
528,defective trafficking of cholesterol,,defective trafficking of cholesterol,,,[],[],,,
529,defectived in cholesterol transport,,defectived in cholesterol transport,,,[],[],,,
530,deficient in mgat5,,deficient in mgat5,,,[],[],,,
531,degenerative ataxia,disease,degenerative ataxia,Non-hereditary degenerative ataxia,C5680697,['T047'],['Disease or Syndrome'],38868844,disease_pathology|disease_phenotype_positive,1
532,degradation of lipid droplets,phenotype,degradation of lipid droplets,,,[],[],37908116,phenotype_phenotype,2
533,degradative pathways,pathway,degradative pathways,Degradation Pathway,C1511758,['T077'],['Conceptual Entity'],35159316,pathway_pathway,1
534,delay the onset of purkinje neuron death,,delay the onset of purkinje neuron death,,,[],[],,,
535,delayed onset of interferon signaling,phenotype,delayed onset of interferon signaling,,,[],[],38254990,phenotype_phenotype,1
536,delayed psychomotor development,phenotype,delayed psychomotor development,Delayed delayed psychomotor development,C4540485,['T033'],['Finding'],36553254,disease_phenotype_positive,2
537,delayed the onset of motor impairment,phenotype,delayed the onset of motor impairment,,,[],[],35507892,phenotype_protein,1
538,delayed the onset of weight loss,phenotype,delayed the onset of weight loss,,,[],[],35507892,phenotype_protein,1
539,deleted trem2,,deleted trem2,,,[],[],,,
540,dementia developed,phenotype,dementia developed,A subset of patients develop frontotemporal dementia,C3278182,['T033'],['Finding'],35696615,disease_phenotype_positive,2
541,demyelination,phenotype,demyelination,Demyelination,C0011304,['T046'],['Pathologic Function'],36608914,pathology_phenotype,2
542,dentate gyrus regions,,dentate gyrus regions,,,[],[],,,
543,depletion borc-arl8-hops,,depletion borc-arl8-hops,,,[],[],,,
544,depletion homotypic fusion and protein sorting,,depletion homotypic fusion and protein sorting,,,[],[],,,
545,depletion of adp-ribosylation factor-like gtpase 8,,depletion of adp-ribosylation factor-like gtpase 8,,,[],[],,,
546,depletion of bloc one-related complex,,depletion of bloc one-related complex,,,[],[],,,
547,depletion of regulatory t cells,,depletion of regulatory t cells,RO7296682,C5418045,"['T116', 'T121', 'T129']","['Amino Acid, Peptide, or Protein', 'Pharmacologic Substance', 'Immunologic Factor']",,,
548,depletion of stard9,,depletion of stard9,,,[],[],,,
549,depressive behavior,phenotype,depressive behavior,"Recurrent depressive disorder, current episode severe with psychotic symptoms",C0154413,['T048'],['Mental or Behavioral Dysfunction'],40869913,disease_phenotype_positive,2
550,deprotonation,exposure,deprotonation,deprotonation,C0599225,['T067'],['Phenomenon or Process'],38568972,exposure_protein,1
551,deregulation in the cortical circadian rhythm pathway,phenotype,deregulation in the cortical circadian rhythm pathway,,,[],[],40869913,disease_phenotype_positive,2
552,derived glioblastoma stem-like cells,,derived glioblastoma stem-like cells,,,[],[],,,
553,derived neural stem cells,phenotype,derived neural stem cells,DAGLA gene,C1412864,['T028'],['Gene or Genome'],34377675,disease_phenotype_positive,2
554,deuterium-labeled cholesterol-dextran,,deuterium-labeled cholesterol-dextran,,,[],[],,,
555,developmental delay,phenotype,developmental delay,Developmental delay,C0424605,['T048'],['Mental or Behavioral Dysfunction'],34455703|38826605|39697013|40003936,disease_phenotype_positive,2
556,developmental prosopagnosia,phenotype,developmental prosopagnosia,"Prosopagnosia, Developmental",C0751842,['T048'],['Mental or Behavioral Dysfunction'],38419734,disease_phenotype_positive,2
557,de‐ramified processes,phenotype,de‐ramified processes,,,[],[],36322609,phenotype_protein,2
558,diarrhea,phenotype,diarrhea,Diarrhea,C0011991,['T184'],['Sign or Symptom'],37429811|39697013,disease_phenotype_positive|drug_effect,2
559,diminished h3k27me3,,diminished h3k27me3,,,[],[],,,
560,dipeptidyl peptidase 7,,dipeptidyl peptidase 7,DPP7 gene,C1423031,['T028'],['Gene or Genome'],,,
561,disability,phenotype,disability,Disability,C0231170,['T033'],['Finding'],35850050,disease_phenotype_positive,2
562,disease amelioration,phenotype,disease amelioration,factor ameliorating disease,C0679240,['T169'],['Functional Concept'],38852794,drug_effect,2
563,disease progression,phenotype,disease progression,Disease Progression,C0242656,['T046'],['Pathologic Function'],34296265|38253667|39502943,pathway_phenotype|phenotype_protein,1|2
564,disease severity,phenotype | protein/gene,disease severity,Patient Acuity,C3494263,['T201'],['Clinical Attribute'],38131230|38673803|39688135,anatomy_protein_present|phenotype_protein,1|2
565,disease signs/symptoms,phenotype,disease signs/symptoms,Signs and symptoms of disease,C0517730,['T033'],['Finding'],36470574,phenotype_protein,2
566,disease-modifying drugs,drug,disease-modifying drugs,"Antirheumatic Drugs, Disease-Modifying",C0242708,['T121'],['Pharmacologic Substance'],40565243,indication,1
567,dissolve cholesterol crystals into free cholesterol,phenotype,dissolve cholesterol crystals into free cholesterol,,,[],[],34748340,drug_effect,2
568,dna damage,,dna damage,DNA Damage,C0012860,['T049'],['Cell or Molecular Dysfunction'],,,
569,dopamine neurons,anatomy,dopamine neurons,Dopaminergic Neurons,C1512035,['T025'],['Cell'],40737317,anatomy_protein_present,2
570,down regulation,biological_process,down regulation,Down-Regulation,C0013081,['T044'],['Molecular Function'],34410604,bioprocess_protein,1
571,downregulated fibrinogen,phenotype,downregulated fibrinogen,,,[],[],36638187,disease_protein,2
572,downregulated innate immune complement components,phenotype,downregulated innate immune complement components,,,[],[],36638187,disease_protein,2
573,drug resistant,phenotype,drug resistant,Drug Resistant Epilepsy,C1096063,['T047'],['Disease or Syndrome'],37740198,phenotype_phenotype,2
574,duration of illness,,duration of illness,Illness duration,C3176590,['T079'],['Temporal Concept'],,,
575,dysfunctional autophagy,pathology,dysfunctional autophagy,,,[],[],38821960,pathology_phenotype,1
576,dysfunctionality of the blood-cerebrospinal fluid barrier,,dysfunctionality of the blood-cerebrospinal fluid barrier,,,[],[],,,
577,dysmorphic features,phenotype,dysmorphic features,Dysmorphic features,C0432072,['T019'],['Congenital Abnormality'],38549495,phenotype_phenotype,2
578,dystonia presentations,phenotype,dystonia presentations,,,[],[],35853348,disease_phenotype_positive|phenotype_phenotype,2
579,dystonic movement disorders,,dystonic movement disorders,,,[],[],,,
580,eaat1,,eaat1,SLC1A3 gene,C1420121,['T028'],['Gene or Genome'],,,
581,earlier age of neurological onset,phenotype,earlier age of neurological onset,,,[],[],38673803,phenotype_protein,1
582,earlier npc1 disease onset,,earlier npc1 disease onset,,,[],[],,,
583,early cholestatic disease,disease,early cholestatic disease,,,[],[],34138521,disease_disease,2
584,early death,phenotype,early death,Early neonatal death,C1271991,['T033'],['Finding'],36719165|37407594|39207850,disease_phenotype_positive|phenotype_protein,2
585,early endosome antigen 1,,early endosome antigen 1,early endosome antigen 1,C0298073,"['T116', 'T192']","['Amino Acid, Peptide, or Protein', 'Receptor']",,,
586,early infantile onset,phenotype,early infantile onset,Neonatal/early-infantile onset encephalopathy,C1833430,['T033'],['Finding'],36243834|39789920,disease_phenotype_positive,1|2
587,early maturation,phenotype,early maturation,Early onset of sexual maturation,C4022392,['T033'],['Finding'],35245460,exposure_phenotype,2
588,early neurodegeneration,phenotype,early neurodegeneration,Neurodegeneration after normal early development,C4748528,['T033'],['Finding'],38033125,phenotype_protein,2
589,early neurodevelopmental disturbance,phenotype,early neurodevelopmental disturbance,,,[],[],37612148,disease_phenotype_positive,2
590,efferocytosis,biological_process,efferocytosis,Efferocytosis,C1523908,['T043'],['Cell Function'],39547438,bioprocess_protein,1
591,efflux,,efflux,export across plasma membrane,C4691060,['T043'],['Cell Function'],,,
592,egghead,protein/gene,egghead,"egh protein, Drosophila",C1430627,"['T116', 'T123']","['Amino Acid, Peptide, or Protein', 'Biologically Active Substance']",37815467,bioprocess_protein|molfunc_protein|phenotype_protein,1
593,egress of free cholesterol from lysosomes,biological_process,egress of free cholesterol from lysosomes,,,[],[],35653304,bioprocess_bioprocess,2
594,electroconvulsive therapy,exposure,electroconvulsive therapy,Electroconvulsive Therapy,C0013806,['T061'],['Therapeutic or Preventive Procedure'],34744838,exposure_disease|exposure_phenotype,1
595,elevated 5alpha,,elevated 5alpha,Elevated circulating C-triol concentration,C6055468,['T033'],['Finding'],36325261,disease_phenotype_positive,2
596,elevated 6beta-triol,,elevated 6beta-triol,Elevated circulating C-triol concentration,C6055468,['T033'],['Finding'],36325261,disease_phenotype_positive,2
597,elevated 7-ketocholesterol,anatomy,elevated 7-ketocholesterol,,,[],[],36325261,disease_phenotype_positive,2
598,elevated afp levels,,elevated afp levels,,,[],[],,,
599,elevated alpha-fetoprotein level,phenotype,elevated alpha-fetoprotein level,Serum alpha-fetoprotein level above reference range,C1275870,['T033'],['Finding'],35455589,disease_phenotype_positive|disease_protein,2
600,elevated bile acid,phenotype,elevated bile acid,Elevated urinary bile acid level,C5937437,['T033'],['Finding'],36719165,disease_phenotype_positive,2
601,elevated cholestane-3beta,,elevated cholestane-3beta,Elevated circulating C-triol concentration,C6055468,['T033'],['Finding'],36325261,disease_phenotype_positive,2
602,elevated cholesterol,phenotype,elevated cholesterol,Hypercholesterolemia,C0020443,['T047'],['Disease or Syndrome'],34085599,phenotype_cellcomp,1
603,elevated cholesterol on lysosome membranes,phenotype,elevated cholesterol on lysosome membranes,,,[],[],34085599,disease_phenotype_positive,2
604,elevated damage associated molecular patterns (damps),,elevated damage associated molecular patterns (damps),,,[],[],,,
605,elevated daytime sleepiness,,elevated daytime sleepiness,,,[],[],,,
606,elevated glutamatergic transmission,phenotype,elevated glutamatergic transmission,,,[],[],37815467,phenotype_protein,2
607,elevated immunoglobulins,phenotype,elevated immunoglobulins,"Elevated immunoglobulins, particularly IgE",C3550017,['T033'],['Finding'],35360843,phenotype_phenotype,1
608,elevated levels of free pro-resolving fatty acid epoxides,phenotype,elevated levels of free pro-resolving fatty acid epoxides,,,[],[],40306479,phenotype_protein,1
609,elevated levels of iron,phenotype,elevated levels of iron,,,[],[],40243519,disease_phenotype_positive,2
610,elevated levels of lipid peroxidation,phenotype,elevated levels of lipid peroxidation,,,[],[],40243519,disease_phenotype_positive,2
611,elevated levels of reactive oxygen species,phenotype,elevated levels of reactive oxygen species,,,[],[],38550777,phenotype_protein,2
612,elevated liver enzymes,phenotype,elevated liver enzymes,"Elevated liver enzymes, mild",C5775630,['T033'],['Finding'],35016719,disease_phenotype_positive,2
613,elevated liver transaminases,phenotype,elevated liver transaminases,Elevated circulating hepatic transaminase concentration,C0235996,['T033'],['Finding'],39547438,disease_phenotype_positive,2
614,elevated lysosphingomyelin 509,phenotype,elevated lysosphingomyelin 509,,,[],[],35892469,disease_phenotype_positive,2
615,elevated mitochondrial calcium,phenotype,elevated mitochondrial calcium,elevation of calcium ion concentration in mitochondrion,C5887225,['T043'],['Cell Function'],37507375,pathology_phenotype,2
616,elevated myristic,phenotype,elevated myristic,,,[],[],40306479,phenotype_protein,1
617,elevated myristic acid,phenotype,elevated myristic acid,,,[],[],40306479,phenotype_protein,1
618,elevated n-palmitoyl-o-phosphocholineserine,,elevated n-palmitoyl-o-phosphocholineserine,,,[],[],,,
619,elevated neurotransmission,phenotype,elevated neurotransmission,,,[],[],37815467,drug_effect|phenotype_phenotype,2
620,elevated oxysterols,anatomy | phenotype,elevated oxysterols,,,[],[],36325261,disease_phenotype_positive|phenotype_protein,1|2
621,elevated palmitoleic acid,phenotype,elevated palmitoleic acid,,,[],[],40306479,phenotype_protein,1
622,elevated plasma oxysterols,phenotype,elevated plasma oxysterols,,,[],[],36719165,disease_phenotype_positive,2
623,elevation of alkyl-lysophosphatidylcholine species,phenotype,elevation of alkyl-lysophosphatidylcholine species,,,[],[],39048052,disease_phenotype_positive,2
624,elevations in glucosylceramide isoforms,phenotype,elevations in glucosylceramide isoforms,,,[],[],37373322,disease_phenotype_positive,2
625,elevations in mitochondrial caltrium,phenotype,elevations in mitochondrial caltrium,,,[],[],37507375,phenotype_phenotype,1
626,eleveted neurofilament light chain levels,,eleveted neurofilament light chain levels,,,[],[],,,
627,emaciated,phenotype,emaciated,Emaciation,C0013911,['T184'],['Sign or Symptom'],38826605,disease_phenotype_positive,2
628,embryonic lethality,phenotype,embryonic lethality,Preimplantation lethality,C5139371,['T033'],['Finding'],35695805,disease_protein,1
629,endo-lysosomal network,cellular_component,endo-lysosomal network,,,[],[],40026274,cellcomp_protein,1|2
630,endo-lysosomal trafficking pathway,pathway,endo-lysosomal trafficking pathway,,,[],[],39747180,pathway_protein,1
631,endo-lysosomes,cellular_component,endo-lysosomes,,,[],[],38599016,phenotype_cellcomp,2
632,endolysosomal,cellular_component,endolysosomal,endolysosome membrane,C3271505,['T026'],['Cell Component'],40064165,cellcomp_protein,2
633,endolysosomal accumulation of the lipid,phenotype,endolysosomal accumulation of the lipid,,,[],[],39443481,disease_phenotype_positive,2
634,endolysosomal accumulation of unesterified cholesterol,pathology,endolysosomal accumulation of unesterified cholesterol,,,[],[],36064725,disease_phenotype_positive,2
635,endolysosomal comparment,cellular_component,endolysosomal comparment,,,[],[],38142760,phenotype_cellcomp,2
636,endolysosomal compartment,cellular_component,endolysosomal compartment,,,[],[],35452076|38087834,cellcomp_protein,1
637,endolysosomal storage of unesterified cholesterol,phenotype,endolysosomal storage of unesterified cholesterol,,,[],[],34802899|40525490,disease_phenotype_positive,2
638,endolysosomal transmembrane,cellular_component,endolysosomal transmembrane,,,[],[],37047194,cellcomp_disease,1
639,endoplasmic reticulum ca++ release channels,,endoplasmic reticulum ca++ release channels,,,[],[],,,
640,endoreduplication,biological_process,endoreduplication,Endoreduplication,C0333688,['T049'],['Cell or Molecular Dysfunction'],35245460,bioprocess_protein,2
641,endosomal transportautophagy abnormalities,phenotype,endosomal transportautophagy abnormalities,,,[],[],40003936,disease_phenotype_positive,2
642,endosomal-lysosomal system,,endosomal-lysosomal system,,,[],[],,,
643,endosomes,cellular_component,endosomes,Endosomes,C0034850,['T026'],['Cell Component'],36584173,exposure_cellcomp,2
644,engulf mitochondria in autophagosomes,biological_process,engulf mitochondria in autophagosomes,,,[],[],35159316,drug_bioprocess,2
645,engulfment,biological_process,engulfment,Cytologic engulfment,C0545024,['T049'],['Cell or Molecular Dysfunction'],36322609,bioprocess_protein,2
646,enhance calcium entry,phenotype,enhance calcium entry,,,[],[],37507375,pathology_phenotype,2
647,enhanced autophagy-dependent ferritinophagy,,enhanced autophagy-dependent ferritinophagy,,,[],[],,,
648,enhanced bace1-mediated proteolysis,,enhanced bace1-mediated proteolysis,,,[],[],,,
649,enhanced ca2+ signaling,,enhanced ca2+ signaling,,,[],[],,,
650,enhanced mglur-dependent long-term depression (mglur-ltd),,enhanced mglur-dependent long-term depression (mglur-ltd),,,[],[],,,
651,enhanced phagocytosis,,enhanced phagocytosis,,,[],[],,,
652,enhanced the onset of the neurological phenotype,phenotype,enhanced the onset of the neurological phenotype,,,[],[],37369603,phenotype_phenotype,1
653,enhanced the survival of purkinje cells,,enhanced the survival of purkinje cells,,,[],[],,,
654,enlarged extracellular vesicles,anatomy,enlarged extracellular vesicles,,,[],[],34720883,anatomy_protein_present,1
655,enlarged lysosomes,phenotype,enlarged lysosomes,Vacuolated lymphocytes,C1836855,['T033'],['Finding'],34377675,phenotype_phenotype,1
656,enlarged soma size,phenotype,enlarged soma size,,,[],[],36322609,phenotype_protein,2
657,enriched cav1.2,,enriched cav1.2,,,[],[],,,
658,enriched ryr,,enriched ryr,,,[],[],,,
659,enriched serca,,enriched serca,,,[],[],,,
660,ensmusg00000004552,,ensmusg00000004552,,,[],[],,,
661,ensmusg00000018774,,ensmusg00000018774,,,[],[],,,
662,ensmusg00000022686,,ensmusg00000022686,,,[],[],,,
663,ensmusg00000024236,,ensmusg00000024236,,,[],[],,,
664,ensmusg00000024413,,ensmusg00000024413,,,[],[],,,
665,ensmusg00000024672,,ensmusg00000024672,,,[],[],,,
666,ensmusg00000027208,,ensmusg00000027208,,,[],[],,,
667,ensmusg00000027296,,ensmusg00000027296,,,[],[],,,
668,ensmusg00000028222,,ensmusg00000028222,,,[],[],,,
669,ensmusg0000002930,,ensmusg0000002930,,,[],[],,,
670,ensmusg00000035273,,ensmusg00000035273,,,[],[],,,
671,ensmusg00000038147,,ensmusg00000038147,,,[],[],,,
672,ensmusg00000040552,,ensmusg00000040552,,,[],[],,,
673,ensmusg00000041261,,ensmusg00000041261,,,[],[],,,
674,ensmusg00000041476,,ensmusg00000041476,,,[],[],,,
675,ensmusg00000050335,,ensmusg00000050335,,,[],[],,,
676,ensmusg00000054901,,ensmusg00000054901,,,[],[],,,
677,ensmusg00000069516,,ensmusg00000069516,,,[],[],,,
678,ensmusg00000071713,,ensmusg00000071713,,,[],[],,,
679,ensmusg00000079293,,ensmusg00000079293,,,[],[],,,
680,ensmust00000031975,,ensmust00000031975,,,[],[],,,
681,ensmust00000126572,,ensmust00000126572,,,[],[],,,
682,ensmust00000128338,,ensmust00000128338,,,[],[],,,
683,ensmust00000131025,,ensmust00000131025,,,[],[],,,
684,ensmust00000135230,,ensmust00000135230,,,[],[],,,
685,ensmust00000136359,,ensmust00000136359,,,[],[],,,
686,ensmust00000138576,,ensmust00000138576,,,[],[],,,
687,ensmust00000139218,,ensmust00000139218,,,[],[],,,
688,ensmust00000142962,,ensmust00000142962,,,[],[],,,
689,ensmust00000148545,,ensmust00000148545,,,[],[],,,
690,ensmust00000150330,,ensmust00000150330,,,[],[],,,
691,ensmust00000152283,,ensmust00000152283,,,[],[],,,
692,ensmust00000155729,,ensmust00000155729,,,[],[],,,
693,ensmust00000166109,,ensmust00000166109,,,[],[],,,
694,ensmust00000181447,,ensmust00000181447,,,[],[],,,
695,ensmust00000195685,,ensmust00000195685,,,[],[],,,
696,ensmust00000235045,,ensmust00000235045,,,[],[],,,
697,ensmust00000238391,,ensmust00000238391,,,[],[],,,
698,enzymatic function,phenotype,enzymatic function,,,[],[],35016719,disease_phenotype_negative,2
699,enzyme acid sphingomyelinase deficiency,phenotype,enzyme acid sphingomyelinase deficiency,,,[],[],38826605,disease_phenotype_positive,2
700,enzymes,protein/gene,enzymes,Enzymes,C0014442,"['T116', 'T126']","['Amino Acid, Peptide, or Protein', 'Enzyme']",40106490,bioprocess_protein,1
701,epileptic seizures,phenotype,epileptic seizures,Epileptic Seizures,C4317109,['T047'],['Disease or Syndrome'],34086834,disease_phenotype_positive,2
702,episodic-ataxia 4,disease,episodic-ataxia 4,"EPISODIC ATAXIA, TYPE 4",C1847843,['T047'],['Disease or Syndrome'],36640220,disease_disease,2
703,epithelial wound healing,,epithelial wound healing,positive regulation of epithelial cell proliferation involved in wound healing,C2262787,['T040'],['Organism Function'],,,
704,er stress,,er stress,Endoplasmic Reticulum Stress,C3178870,['T049'],['Cell or Molecular Dysfunction'],,,
705,er to golgi transport,,er to golgi transport,ER-Golgi transport vesicle,C4551783,['T026'],['Cell Component'],,,
706,ergosterol,,ergosterol,Ergosterol,C0014705,"['T109', 'T121', 'T127']","['Organic Chemical', 'Pharmacologic Substance', 'Vitamin']",,,
707,erk1/2 kinase signal,,erk1/2 kinase signal,ERK1 and ERK2 cascade,C2611094,['T044'],['Molecular Function'],,,
708,esterified cholesterols,phenotype,esterified cholesterols,Non-esterified cholesterol,C0368909,"['T109', 'T123']","['Organic Chemical', 'Biologically Active Substance']",36182715,phenotype_protein,1
709,esterified mono- and dihydroxy lipid mediators,,esterified mono- and dihydroxy lipid mediators,,,[],[],,,
710,eukaryotic initiation factor 3d,,eukaryotic initiation factor 3d,,,[],[],,,
711,evelated long-chain isoforms of glucosylceramide,phenotype,evelated long-chain isoforms of glucosylceramide,,,[],[],35833379,disease_phenotype_positive,2
712,exacerbated interferon signaling,phenotype,exacerbated interferon signaling,,,[],[],39202426,phenotype_protein,2
713,excessive accumulation of cholesterol,phenotype,excessive accumulation of cholesterol,,,[],[],35850050,disease_phenotype_positive,2
714,excessive cholesterol accumulation in the lysosome,phenotype,excessive cholesterol accumulation in the lysosome,,,[],[],34748340,disease_phenotype_positive,2
715,excessive immune activation,phenotype,excessive immune activation,,,[],[],35360843,disease_phenotype_positive,2
716,excessive salivary secretion,phenotype,excessive salivary secretion,Sialorrhea,C0037036,['T047'],['Disease or Syndrome'],36325261,drug_effect,2
717,executive dysfunction,phenotype,executive dysfunction,Executive dysfunction,C2748208,['T048'],['Mental or Behavioral Dysfunction'],37740198,disease_phenotype_positive,2
718,export of cholesterol and sphingolipids,biological_process,export of cholesterol and sphingolipids,,,[],[],37047194,bioprocess_disease,1
719,extend survival,phenotype,extend survival,How Important Standard Treatment Extends Survival,C4084923,['T170'],['Intellectual Product'],37128603,drug_effect,2
720,extends lifespan,phenotype,extends lifespan,,,[],[],36920149,disease_phenotype_positive,2
721,extensive hypometabolism,pathology,extensive hypometabolism,,,[],[],40009086,pathology_anatomy_present,1
722,extraction of cholesterol,,extraction of cholesterol,,,[],[],,,
723,eye movement abnormalities,phenotype,eye movement abnormalities,Abnormal ocular motility,C0497202,['T033'],['Finding'],34993563|38804481,disease_phenotype_positive|phenotype_phenotype,1|2
724,fat body,anatomy,fat body,Fat Body,C0015665,['T023'],"['Body Part, Organ, or Organ Component']",35245460,anatomy_protein_present,1
725,fatal early,phenotype,fatal early,"Myopathy, Early-Onset, with Fatal Cardiomyopathy",C2673677,['T047'],['Disease or Syndrome'],40221338,disease_phenotype_positive,2
726,fatal neurodegenerative condition,phenotype,fatal neurodegenerative condition,,,[],[],38254990,disease_phenotype_positive,2
727,fatal neurodegenerative disease,disease,fatal neurodegenerative disease,,,[],[],40215728,disease_disease,1
728,fatal neurovisceral disorder,phenotype,fatal neurovisceral disorder,,,[],[],37454976,disease_protein,2
729,faulty cholesterol trafficking,phenotype,faulty cholesterol trafficking,,,[],[],40215728,disease_phenotype_positive,2
730,ferroptosis pathway,pathway,ferroptosis pathway,,,[],[],37958627,disease_pathway,2
731,fibroblast,anatomy,fibroblast,Fibroblasts,C0016030,['T025'],['Cell'],40301465,anatomy_protein_present,1
732,fibroblast-to-myofibroblast differentiation,biological_process,fibroblast-to-myofibroblast differentiation,,,[],[],36804125,bioprocess_protein|drug_bioprocess,1|2
733,fibroblasts,anatomy | molecular_function,fibroblasts,Fibroblasts,C0016030,['T025'],['Cell'],34830064,anatomy_disease|cellcomp_cellcomp,1|2
734,fibrosis liver,,fibrosis liver,"Fibrosis, Liver",C0239946,['T047'],['Disease or Syndrome'],,,
735,filipin complex,,filipin complex,,,[],[],,,
736,fine motor,phenotype,fine motor,Fine motor impairment,C0556281,['T033'],['Finding'],34794481,disease_phenotype_positive,2
737,fine motor impairment,phenotype,fine motor impairment,Fine motor impairment,C0556281,['T033'],['Finding'],40525490,disease_phenotype_positive,2
738,fine motor skills,phenotype,fine motor skills,Fine Motor Skills,C0678857,['T042'],['Organ or Tissue Function'],34819124,disease_phenotype_positive,2
739,flotillin-2,,flotillin-2,flotillin-2,C1721255,"['T116', 'T123']","['Amino Acid, Peptide, or Protein', 'Biologically Active Substance']",,,
740,fluctuation score,,fluctuation score,,,[],[],,,
741,fluorescent b-d-araf aziridine probes,,fluorescent b-d-araf aziridine probes,,,[],[],,,
742,foam cell accumulation,phenotype,foam cell accumulation,,,[],[],37454976,disease_phenotype_positive,2
743,foamy macrophages,phenotype,foamy macrophages,Foam Cells,C0016390,['T025'],['Cell'],36187872|36719165,anotomy_phenotype|disease_phenotype_positive,2
744,formation of multi-laminar storage bodies,phenotype,formation of multi-laminar storage bodies,,,[],[],34592985,phenotype_protein,1
745,forskolin,drug,forskolin,Colforsin,C0917964,"['T109', 'T121']","['Organic Chemical', 'Pharmacologic Substance']",36409725,drug_bioprocess|drug_drug,1
746,founder french-canadian pathogenic variant,,founder french-canadian pathogenic variant,,,[],[],,,
747,foveal thinning,,foveal thinning,Foveal thinning,C4014315,['T047'],['Disease or Syndrome'],,,
748,free pro-resolving fatty acid epoxides,molecular_function,free pro-resolving fatty acid epoxides,,,[],[],40306479,pathway_molfunc,2
749,free sterols accumulation,phenotype,free sterols accumulation,,,[],[],37683773,disease_phenotype_positive,2
750,friedreich’s ataxia,,friedreich’s ataxia,,,[],[],,,
751,frontal dysfunction,pathology,frontal dysfunction,Frontal lobe dysfunction,C4062322,['T048'],['Mental or Behavioral Dysfunction'],37740198,pathology_phenotype,1
752,frontal hypometabolism,pathology,frontal hypometabolism,Hypometabolism of the frontal lobe and thalamic regions,C3279889,['T033'],['Finding'],40009086,pathology_phenotype,1
753,frontotemporal areas,anatomy,frontotemporal areas,,,[],[],40009086,pathology_anatomy_present,2
754,full scale npccss,,full scale npccss,,,[],[],,,
755,fyn kinase,,fyn kinase,FRK gene,C1333577,['T028'],['Gene or Genome'],,,
756,galactosidase-alpha,protein/gene,galactosidase-alpha,alpha-D-galactosidase enzyme,C0002268,"['T116', 'T121', 'T126']","['Amino Acid, Peptide, or Protein', 'Pharmacologic Substance', 'Enzyme']",36325261,disease_protein,2
757,galactosylsphingosine,drug,galactosylsphingosine,Psychosine,C0033954,"['T109', 'T123']","['Organic Chemical', 'Biologically Active Substance']",36409725,drug_bioprocess|drug_drug|drug_effect,1|2
758,ganglioside gm1 storage,,ganglioside gm1 storage,,,[],[],,,
759,gastrointestinal,,gastrointestinal,gastrointestinal,C0521362,['T082'],['Spatial Concept'],,,
760,gastrointestinal alterations,phenotype,gastrointestinal alterations,Alterations in gastrointestinal function,C5933904,['T033'],['Finding'],34879185,disease_phenotype_positive|drug_effect,2
761,gaucher,,gaucher,Gaucher Disease,C0017205,['T047'],['Disease or Syndrome'],,,
762,gaucher disease type 1,,gaucher disease type 1,"Gaucher Disease, Type 1",C1961835,['T047'],['Disease or Syndrome'],,,
763,gba2 glucosylceramidase inhibition,,gba2 glucosylceramidase inhibition,,,[],[],,,
764,gba2 inhibitors,,gba2 inhibitors,,,[],[],,,
765,gdnf and nrtn synthesis,,gdnf and nrtn synthesis,,,[],[],,,
766,gdnf rna expression,,gdnf rna expression,,,[],[],,,
767,gelastic cataplexy,phenotype,gelastic cataplexy,,,[],[],40525490|40898442,disease_phenotype_positive,2
768,genetic condition,disease,genetic condition,Hereditary Diseases,C0019247,['T047'],['Disease or Syndrome'],35853348,disease_disease,2
769,genetic counseling,phenotype,genetic counseling,Genetic Counseling,C0017382,['T061'],['Therapeutic or Preventive Procedure'],38131230,bioprocess_phenotype,2
770,genetic disorder,disease,genetic disorder,Hereditary Diseases,C0019247,['T047'],['Disease or Syndrome'],34879185,disease_disease,2
771,genetic neurological disorders,phenotype,genetic neurological disorders,Rare genetic neurological disorder,C5681307,['T047'],['Disease or Syndrome'],37201244,disease_phenotype_positive,2
772,genotype-phenotype correlation,,genotype-phenotype correlation,Genotype-Phenotype Associations,C2717879,['T033'],['Finding'],,,
773,giant lysosomes,phenotype,giant lysosomes,,,[],[],36722045,disease_phenotype_positive,2
774,giant multilamellar bodies,phenotype,giant multilamellar bodies,,,[],[],37683773,disease_phenotype_positive,2
775,glast,,glast,SLC1A3 gene,C1420121,['T028'],['Gene or Genome'],,,
776,glial fibrillary acidic protein,protein/gene,glial fibrillary acidic protein,Glial Fibrillary Acidic Protein,C0017626,"['T116', 'T123']","['Amino Acid, Peptide, or Protein', 'Biologically Active Substance']",37670901,bioprocess_protein,2
777,glioblastoma,,glioblastoma,Glioblastoma,C0017636,['T191'],['Neoplastic Process'],,,
778,glioblastoma stem-like cells,,glioblastoma stem-like cells,Allogeneic Glioblastoma Stem-like Cell Line Lysate-pulsed Autologous Dendritic Cell Vaccine,C3831562,['T025'],['Cell'],,,
779,glioblastoma stem-like cells fitness,,glioblastoma stem-like cells fitness,,,[],[],,,
780,glioblastoma stem-like cells viability,,glioblastoma stem-like cells viability,,,[],[],,,
781,glucocerbrosi-dase 2,protein/gene,glucocerbrosi-dase 2,,,[],[],38302739,drug_protein,2
782,glucocorticoids,drug,glucocorticoids,Glucocorticoids,C0017710,"['T109', 'T125']","['Organic Chemical', 'Hormone']",35360843,drug_effect,1
783,glucosyl ceramide synthase,protein/gene,glucosyl ceramide synthase,,,[],[],35140266,drug_protein,2
784,glucosylceramide,phenotype,glucosylceramide,Glucosylceramide test,C2363956,['T059'],['Laboratory Procedure'],37815467,phenotype_protein,1
785,glucosylceramide metabolism,biological_process,glucosylceramide metabolism,glucosylceramide metabolic process,C1158417,['T044'],['Molecular Function'],39246358,bioprocess_protein,2
786,glucosylceramide synthase,protein/gene,glucosylceramide synthase,Glucosylceramide Synthase Inhibitors,C2267131,['T044'],['Molecular Function'],35487270|36553254|36608914|36804125|40003936|40520915|40663813,bioprocess_protein|drug_protein,1|2
787,glucosylceramide synthase competitive inhibitor,phenotype,glucosylceramide synthase competitive inhibitor,,,[],[],37480097,drug_effect,2
788,glucosylceramide synthase inhibitor,phenotype,glucosylceramide synthase inhibitor,Glucosylceramide Synthase Inhibitor [EPC],C2917360,['T121'],['Pharmacologic Substance'],38804481,drug_effect,2
789,glucosylceramide synthesis,,glucosylceramide synthesis,glucosylceramide biosynthetic process,C1157373,['T044'],['Molecular Function'],,,
790,glucosylceramides,phenotype,glucosylceramides,Glucosylceramides,C0017770,"['T109', 'T123']","['Organic Chemical', 'Biologically Active Substance']",39747180,phenotype_protein,1
791,glucosylsphingosine,drug | phenotype,glucosylsphingosine,sphingosyl beta-glucoside,C0074996,['T109'],['Organic Chemical'],36409725|39747180,drug_bioprocess|drug_drug|drug_effect|phenotype_protein,1|2
792,glutamatergic/gabaergic/glycinergic neurons,,glutamatergic/gabaergic/glycinergic neurons,,,[],[],,,
793,glycolipid and cholesterol trafficking,biological_process,glycolipid and cholesterol trafficking,,,[],[],35086560,bioprocess_protein,1
794,glycolipid transporter,protein/gene,glycolipid transporter,glycolipid transporter activity,C1325502,['T044'],['Molecular Function'],34879185,bioprocess_protein|disease_protein,1|2
795,glycosphingolipid,exposure,glycosphingolipid,Glycosphingolipids,C0017978,"['T109', 'T121']","['Organic Chemical', 'Pharmacologic Substance']",36325261,exposure_cellcomp,1
796,glycosphingolipid accumulation,phenotype,glycosphingolipid accumulation,,,[],[],35007562|36325261|40436106,disease_phenotype_positive|drug_effect,2
797,glycosphingolipid levels,phenotype,glycosphingolipid levels,,,[],[],36455410,drug_effect,2
798,glycosphingolipid synthesis inhibitor,biological_process,glycosphingolipid synthesis inhibitor,,,[],[],36638187,drug_bioprocess,2
799,glycosphingolipid synthesis mutants,,glycosphingolipid synthesis mutants,,,[],[],,,
800,glycosphingolipid-dependent neurotransmission,,glycosphingolipid-dependent neurotransmission,,,[],[],,,
801,glycosphingolipidoses,disease,glycosphingolipidoses,glycosphingolipidoses,C0599458,['T047'],['Disease or Syndrome'],37373322,disease_disease,1
802,glycosphingolipids,phenotype,glycosphingolipids,Glycosphingolipids,C0017978,"['T109', 'T121']","['Organic Chemical', 'Pharmacologic Substance']",34175669,disease_phenotype_positive,2
803,glycosphingolipids accumulation,,glycosphingolipids accumulation,,,[],[],,,
804,glycosylated lysosomal membrane protein,protein/gene,glycosylated lysosomal membrane protein,GLMP gene,C1823705,['T028'],['Gene or Genome'],34440927,cellcomp_protein|phenotype_protein,2
805,glycosylates glccer to maccer,,glycosylates glccer to maccer,,,[],[],,,
806,glycosylates mannosyl glucosylceramide,biological_process,glycosylates mannosyl glucosylceramide,,,[],[],37815467,bioprocess_protein,2
807,gm2 accumulation,,gm2 accumulation,GM2-ganglioside accumulation,C1848920,['T033'],['Finding'],,,
808,gold nanoparticles,,gold nanoparticles,response to gold nanoparticle,C3824478,['T043'],['Cell Function'],,,
809,granulocyte-colony stimulating factor,protein/gene,granulocyte-colony stimulating factor,Granulocyte Colony-Stimulating Factor,C0079459,"['T116', 'T129']","['Amino Acid, Peptide, or Protein', 'Immunologic Factor']",35007562,anatomy_protein_present|phenotype_protein,2
810,granzymes,protein/gene,granzymes,Granzymes,C1333877,"['T116', 'T126']","['Amino Acid, Peptide, or Protein', 'Enzyme']",35081253,cellcomp_protein,2
811,grey matter loss in the thalami,phenotype,grey matter loss in the thalami,,,[],[],37612148,disease_phenotype_positive,2
812,grmzm2g083176,,grmzm2g083176,,,[],[],,,
813,growth retardation,phenotype,growth retardation,Growth retardation,C0151686,['T046'],['Pathologic Function'],37454976|38087834,disease_phenotype_positive,2
814,gsh depletion,,gsh depletion,,,[],[],,,
815,gsk-j4,,gsk-j4,GSK-J4,C3884593,"['T116', 'T121']","['Amino Acid, Peptide, or Protein', 'Pharmacologic Substance']",,,
816,h3k27 demethylase inhibitor,,h3k27 demethylase inhibitor,,,[],[],,,
817,h3k27 demethylases,,h3k27 demethylases,,,[],[],,,
818,head and upper body movements,phenotype,head and upper body movements,,,[],[],34096670,disease_phenotype_positive,2
819,head movements,phenotype,head movements,Head Movements,C0376591,['T040'],['Organism Function'],34086834,disease_phenotype_positive,2
820,head-impulse testing,phenotype,head-impulse testing,Head Impulse Test,C3658201,['T060'],['Diagnostic Procedure'],36640220,disease_phenotype_positive,2
821,hearing loss,phenotype,hearing loss,Partial Hearing Loss,C0018772,['T033'],['Finding'],36279795|36325261|40525490,disease_phenotype_positive|drug_effect,2
822,heat shock factor 1,protein/gene,heat shock factor 1,Heat Shock Transcription Factor 1,C4319648,"['T116', 'T123']","['Amino Acid, Peptide, or Protein', 'Biologically Active Substance']",36455410,drug_protein,2
823,heat shock proteins,biological_process,heat shock proteins,Heat shock proteins,C0018850,"['T116', 'T123']","['Amino Acid, Peptide, or Protein', 'Biologically Active Substance']",40215728,drug_bioprocess,2
824,heat shock response,biological_process,heat shock response,Heat-Shock Response,C0282498,['T039'],['Physiologic Function'],34418116,drug_effect,2
825,heat shock response 70,protein/gene,heat shock response 70,,,[],[],34418116,protein_protein,1
826,hedgehog signaling,,hedgehog signaling,Hedgehog Signaling Pathway,C1155468,['T044'],['Molecular Function'],,,
827,hedgehog-dependent neuroprotective factor production,,hedgehog-dependent neuroprotective factor production,,,[],[],,,
828,heightened neurodegeneration,phenotype,heightened neurodegeneration,,,[],[],37815467,phenotype_protein,2
829,heightened neuronal death,phenotype,heightened neuronal death,,,[],[],37815467,phenotype_protein,2
830,hematopoietic cells,cellular_component,hematopoietic cells,Hematopoietic stem cells,C0018956,['T025'],['Cell'],35007562,disease_cellcomp|phenotype_cellcomp,2
831,hematopoietic stem cells mobilization,biological_process,hematopoietic stem cells mobilization,Hematopoietic Stem Cell Mobilization,C0524864,['T061'],['Therapeutic or Preventive Procedure'],35007562,bioprocess_protein,1
832,hepatic and neuronal disorders,phenotype,hepatic and neuronal disorders,,,[],[],36116252,drug_effect,2
833,hepatic cells,anatomy,hepatic cells,Hepatocyte,C0227525,['T025'],['Cell'],38790666,anatomy_disease,1
834,hepatic dysfunction,phenotype,hepatic dysfunction,Liver Dysfunction,C0086565,['T033'],['Finding'],36636588|38852794,disease_phenotype_positive|drug_effect,2
835,hepatic inflammation,phenotype,hepatic inflammation,Hepatic inflammation,C3275700,['T033'],['Finding'],34138521,disease_phenotype_positive,2
836,hepatic involvement,phenotype,hepatic involvement,Hepatic Involvement,C0441932,['T185'],['Classification'],34138521,disease_phenotype_positive,2
837,hepatic macrophages,anatomy,hepatic macrophages,Abnormal cytoplasmic inclusion bodies in hepatic macrophages,C5233078,['T033'],['Finding'],39547438,anatomy_protein_present,1
838,hepatic symptoms,phenotype,hepatic symptoms,"Documentation of medical reason(s) for not currently being a statin therapy user or receiving an order (prescription) for statin therapy (e.g., patients with statin-associated muscle symptoms or an allergy to statin medication therapy, patients who are receiving palliative or hospice care, patients with active liver disease or hepatic disease or insufficiency, patients with end stage renal disease [esrd], or other medical reasons)",C4316172,['T033'],['Finding'],39547438,disease_protein,2
839,hepatic symtoms,phenotype,hepatic symtoms,,,[],[],39789920,disease_phenotype_positive,2
840,hepatocyte-like cells,anatomy,hepatocyte-like cells,,,[],[],34830064,anatomy_disease,1
841,hereditary ataxias,disease,hereditary ataxias,"Ataxias, Hereditary",C0004138,['T047'],['Disease or Syndrome'],36640220,disease_disease|disease_phenotype_positive,1|2
842,hereditary ataxic disorders,phenotype,hereditary ataxic disorders,,,[],[],35192242,disease_phenotype_positive,2
843,hereditary neurodegenerative disease,disease,hereditary neurodegenerative disease,"Heredodegenerative Disorders, Nervous System",C0751870,['T047'],['Disease or Syndrome'],40243519,disease_disease,1
844,high level of unesrerified cholesterol,phenotype,high level of unesrerified cholesterol,,,[],[],36182715,disease_phenotype_positive,2
845,high levels of reactive oxygen species (ros),,high levels of reactive oxygen species (ros),,,[],[],,,
846,high npc1 expression,,high npc1 expression,,,[],[],,,
847,higher vulnerability to ferroptosis,phenotype,higher vulnerability to ferroptosis,,,[],[],40243519,disease_phenotype_positive,2
848,higher vulnerability to oxytosis,phenotype,higher vulnerability to oxytosis,,,[],[],40243519,disease_phenotype_positive,2
849,highly heterogeneous phenotypes,phenotype,highly heterogeneous phenotypes,,,[],[],38131230,phenotype_protein,1
850,hippocampal brain regions,,hippocampal brain regions,,,[],[],,,
851,hippocampal region,anatomy,hippocampal region,hippocampal region,C3496509,['T029'],['Body Location or Region'],37999680,phenotype_anatomy,1
852,hippocampal subregional atrophy,phenotype,hippocampal subregional atrophy,,,[],[],34146215,disease_phenotype_positive,2
853,hippocampus,anatomy,hippocampus,Hippocampus (Brain),C0019564,['T023'],"['Body Part, Organ, or Organ Component']",37348967|40009086,anatomy_disease|pathology_anatomy_present,1|2
854,histatin-1,,histatin-1,HTN1 gene,C1415800,['T028'],['Gene or Genome'],,,
855,histone deacetylase,protein/gene,histone deacetylase,Histone Deacetylase,C0019643,"['T116', 'T126']","['Amino Acid, Peptide, or Protein', 'Enzyme']",40565243,drug_protein|phenotype_protein,1|2
856,homeostasis of cholesterol,phenotype,homeostasis of cholesterol,Cholesterol Homeostasis,C1326960,['T039'],['Physiologic Function'],38183651,phenotype_anatomy|phenotype_protein,1
857,"homozygous c.3560c>t, p.a1187v",,"homozygous c.3560c>t, p.a1187v",,,[],[],,,
858,"homozygous c2861c>t, p.s954l",,"homozygous c2861c>t, p.s954l",,,[],[],,,
859,horizontal saccades,phenotype,horizontal saccades,Horizontal saccades,C2749519,['T033'],['Finding'],36338825,phenotype_phenotype,2
860,host cellular cholesterol distribution,biological_process,host cellular cholesterol distribution,,,[],[],39183751,bioprocess_protein,2
861,hsem deterioration,,hsem deterioration,,,[],[],,,
862,human breast cancer,,human breast cancer,"breast cancer-associated antigen 200, human",C1437230,"['T116', 'T129']","['Amino Acid, Peptide, or Protein', 'Immunologic Factor']",,,
863,human cancers,disease,human cancers,Preclinical Models for Human Cancers Working Group,C1514299,['T097'],['Professional or Occupational Group'],41013744,disease_protein,1
864,human hematologic and solid cancers,disease,human hematologic and solid cancers,,,[],[],41013744,indication,2
865,human-derived low-density lipoprotein,exposure,human-derived low-density lipoprotein,,,[],[],40436106,exposure_phenotype,1
866,huntington’s disease,,huntington’s disease,,,[],[],,,
867,hydroxy-15-azasterol,drug,hydroxy-15-azasterol,,,[],[],39959107,drug_drug|indication,1
868,hydroxypropyl-β cyclodextrin,drug,hydroxypropyl-β cyclodextrin,hydroxypropylbetadex (0.58-0.68 MS),C0046237,"['T109', 'T121']","['Organic Chemical', 'Pharmacologic Substance']",39706535,drug_effect|indication,1
869,hydroxypropyl-β-cyclodextrin,drug,hydroxypropyl-β-cyclodextrin,hydroxypropylbetadex (0.58-0.68 MS),C0046237,"['T109', 'T121']","['Organic Chemical', 'Pharmacologic Substance']",37670901,drug_bioprocess|drug_effect|indication,1
870,hyper-activated stimulator of interferon genes signaling,,hyper-activated stimulator of interferon genes signaling,,,[],[],,,
871,hypometabolism,pathology | phenotype,hypometabolism,Hypometabolism,C0347938,['T033'],['Finding'],40009086,disease_phenotype_positive|pathology_phenotype,1|2
872,hypomyelination,phenotype,hypomyelination,Hypomyelination,C0544820,['T033'],['Finding'],34502342|36455410,disease_phenotype_positive,2
873,hypopharyngeal retention,phenotype,hypopharyngeal retention,,,[],[],36064725,disease_phenotype_positive,2
874,i1061-npc1,,i1061-npc1,,,[],[],,,
875,i1061t,,i1061t,,,[],[],,,
876,i1061t mutant,,i1061t mutant,,,[],[],,,
877,i1061t npc1,,i1061t npc1,,,[],[],,,
878,iba1,,iba1,AIF1 gene,C1412299,['T028'],['Gene or Genome'],,,
879,idiopathic ataxia,disease,idiopathic ataxia,Neuropathy in association with hereditary ataxia,C0451669,['T047'],['Disease or Syndrome'],38790666,disease_disease,2
880,idiopathic neonatal cholestasis,phenotype,idiopathic neonatal cholestasis,,,[],[],34455703,disease_phenotype_positive,2
881,idiopathic pulmonary fibrosis,,idiopathic pulmonary fibrosis,Idiopathic Pulmonary Fibrosis,C1800706,['T047'],['Disease or Syndrome'],,,
882,il-18,,il-18,Interleukin-18,C0383327,"['T116', 'T129']","['Amino Acid, Peptide, or Protein', 'Immunologic Factor']",,,
883,il-22,,il-22,IL-22 activity,C5975701,['T044'],['Molecular Function'],,,
884,immature oligodendrocytes,anatomy,immature oligodendrocytes,,,[],[],36455410,drug_effect,2
885,immobile ip3rs clusters,,immobile ip3rs clusters,,,[],[],,,
886,immune activation,phenotype,immune activation,Systemic immune activation,C4049273,['T047'],['Disease or Syndrome'],35360843,disease_phenotype_positive,2
887,immune system hyperactivity,phenotype,immune system hyperactivity,,,[],[],35360843,disease_phenotype_positive|drug_effect|phenotype_phenotype,2
888,impaired activities of daily living,phenotype,impaired activities of daily living,Activities of daily living impaired,C0740765,['T033'],['Finding'],34819124,disease_phenotype_positive,2
889,impaired anterograde lysosome transport,phenotype,impaired anterograde lysosome transport,,,[],[],34085599,disease_phenotype_positive,2
890,impaired autophagy,phenotype,impaired autophagy,,,[],[],37047194,disease_phenotype_positive,2
891,impaired axonal lysosomal transport,phenotype,impaired axonal lysosomal transport,,,[],[],34592985,phenotype_protein,1
892,impaired cargo degradation,phenotype,impaired cargo degradation,,,[],[],39547438,phenotype_protein,2
893,impaired glutamate uptake,phenotype,impaired glutamate uptake,,,[],[],34802899,disease_phenotype_positive,2
894,impaired health-related quality of life,phenotype,impaired health-related quality of life,,,[],[],34819124,disease_phenotype_positive,2
895,impaired immune surveillance,phenotype,impaired immune surveillance,,,[],[],35081253,disease_phenotype_positive,2
896,impaired intestinal stem cell stemness,phenotype,impaired intestinal stem cell stemness,,,[],[],38550777,phenotype_protein,2
897,impaired intracellular cholesterol trafficking,phenotype,impaired intracellular cholesterol trafficking,,,[],[],39207850|39688135|40847051,disease_phenotype_positive,2
898,impaired lipid storage,phenotype,impaired lipid storage,,,[],[],34061502,disease_phenotype_positive,2
899,impaired lysosomal function,phenotype,impaired lysosomal function,,,[],[],39048052,disease_phenotype_positive,2
900,impaired mannosyl glucosylceramide glycosylation,,impaired mannosyl glucosylceramide glycosylation,,,[],[],,,
901,impaired mitochondrial function,phenotype,impaired mitochondrial function,Impaired mitochondrial function,C4693745,['T033'],['Finding'],34175669,disease_phenotype_positive,2
902,impaired mobility,phenotype,impaired mobility,Impaired mobility,C0518456,['T033'],['Finding'],37210540,disease_phenotype_positive,2
903,impaired motor coordination,phenotype,impaired motor coordination,impaired motor coordination,C0814161,['T184'],['Sign or Symptom'],38599016,disease_phenotype_positive,2
904,impaired motor function,phenotype,impaired motor function,Chronic impaired motor function,C0518654,['T033'],['Finding'],37210540,disease_phenotype_positive,2
905,impaired neurite outgrowth,phenotype,impaired neurite outgrowth,,,[],[],40436106,exposure_phenotype,2
906,impaired npc2,,impaired npc2,,,[],[],,,
907,impaired oligodendrocyte lineage maturation,phenotype,impaired oligodendrocyte lineage maturation,,,[],[],37407594,phenotype_protein,1
908,impaired phenotype of microglia,,impaired phenotype of microglia,,,[],[],,,
909,impaired resolution of inflammation,,impaired resolution of inflammation,,,[],[],,,
910,impaired saccadic velocity,phenotype,impaired saccadic velocity,,,[],[],38868844,disease_phenotype_positive,2
911,impaired smooth pursuit gain,phenotype,impaired smooth pursuit gain,,,[],[],38868844,disease_phenotype_positive,2
912,impaired social cognition,phenotype,impaired social cognition,"Assessment of and care planning for a patient with cognitive impairment, requiring an independent historian, in the office or other outpatient, home or domiciliary or rest home, with all of the following required elements: Cognition-focused evaluation including a pertinent history and examination, Medical decision making of moderate or high complexity, Functional assessment (eg, basic and instrumental activities of daily living), including decision-making capacity, Use of standardized instruments for staging of dementia (eg, functional assessment staging test [FAST], clinical dementia rating [CDR]), Medication reconciliation and review for high-risk medications, Evaluation for neuropsychiatric and behavioral symptoms, including depression, including use of standardized screening instrument(s), Evaluation of safety (eg, home), including motor vehicle operation, Identification of caregiver(s), caregiver knowledge, caregiver needs, social supports, and the willingness of caregiver to take on caregiving tasks, Development, updating or revision, or review of an Advance Care Plan, Creation of a written care plan, including initial plans to address any neuropsychiatric symptoms, neuro-cognitive symptoms, functional limitations, and referral to community resources as needed (eg, rehabilitation services, adult day programs, support groups) shared with the patient and/or caregiver with initial education and support. Typically, 60 minutes of total time is spent on the date of the encounter.",C4523692,['T058'],['Health Care Activity'],37740198,disease_phenotype_positive,2
913,impaired vertical reflexive saccades,phenotype,impaired vertical reflexive saccades,,,[],[],34096670,disease_phenotype_positive,2
914,impaired vertical saccades,phenotype,impaired vertical saccades,,,[],[],38868844,disease_phenotype_positive,2
915,impaired vertical upward and downward saccades,phenotype,impaired vertical upward and downward saccades,,,[],[],34096670,disease_phenotype_positive,2
916,impairing tissue regeneration mechanisms,phenotype,impairing tissue regeneration mechanisms,,,[],[],40257496,disease_phenotype_positive,2
917,impairment of attention,phenotype,impairment of attention,Impairment of attention,C0238707,['T048'],['Mental or Behavioral Dysfunction'],40701909,disease_phenotype_positive,2
918,impairment of cochlear hair cells,,impairment of cochlear hair cells,,,[],[],,,
919,impairment of cognitive inhibition,phenotype,impairment of cognitive inhibition,,,[],[],40701909,disease_phenotype_positive,2
920,impairment of cytotoxic t lymphocyte effector function,,impairment of cytotoxic t lymphocyte effector function,,,[],[],,,
921,impairment of lysosomal function,phenotype,impairment of lysosomal function,,,[],[],39173891,disease_phenotype_positive,2
922,impairment of mitophagy,phenotype,impairment of mitophagy,,,[],[],38821960,pathology_phenotype,2
923,impairment of verbal fluency,phenotype,impairment of verbal fluency,,,[],[],40701909,disease_phenotype_positive,2
924,impairs developmental trajectories,phenotype,impairs developmental trajectories,,,[],[],36322609,phenotype_protein,2
925,impairs the body's ability to metabolize fats,,impairs the body's ability to metabolize fats,,,[],[],,,
926,improve lysosomal function,phenotype,improve lysosomal function,,,[],[],34418116,drug_effect,2
927,improve motor coordination,phenotype,improve motor coordination,,,[],[],40877976,drug_effect,2
928,improved ataxia,phenotype,improved ataxia,,,[],[],37128603,drug_effect,2
929,improved behaviors,phenotype,improved behaviors,Absence of interest in improving health behaviors,C4063022,['T033'],['Finding'],37128603,drug_bioprocess,2
930,improved behavioural phenotypes,phenotype,improved behavioural phenotypes,,,[],[],37373322,phenotype_protein,1
931,"improved cellular fifitness,",phenotype,"improved cellular fifitness,",,,[],[],40504793,drug_effect,2
932,improved cholesterol efflux,biological_process,improved cholesterol efflux,,,[],[],40301465,drug_bioprocess,2
933,improved cholesterol mobilization,phenotype,improved cholesterol mobilization,,,[],[],36584173,drug_effect,2
934,improved cognition,phenotype,improved cognition,Promotion of Improved Cognitive Function,C0547369,['T058'],['Health Care Activity'],37670901,drug_effect,2
935,improved cognitive disorders,phenotype,improved cognitive disorders,,,[],[],40866990,drug_effect,2
936,improved feeding phenotypes,phenotype,improved feeding phenotypes,,,[],[],37128603,drug_effect,2
937,improved functioning,phenotype,improved functioning,Functional Improvement,C5452883,['T033'],['Finding'],37248494,exposure_phenotype,2
938,improved hepatosplenic pathology,,improved hepatosplenic pathology,,,[],[],,,
939,improved mitochondrial function,phenotype,improved mitochondrial function,,,[],[],40504793,drug_effect,2
940,improved mitochondrial functional performance,phenotype,improved mitochondrial functional performance,,,[],[],34175669,phenotype_protein,2
941,improved motor function,phenotype,improved motor function,,,[],[],34290407|38142760,phenotype_protein,2
942,improved motor functions,phenotype,improved motor functions,,,[],[],39891227,drug_effect,2
943,improved seizures,phenotype,improved seizures,,,[],[],40866990,drug_effect,2
944,improved speech,phenotype,improved speech,otolaryngologic surgical result of speech: improved,C2137065,['T033'],['Finding'],37670901,drug_effect,2
945,improved swallow,phenotype,improved swallow,neurology goal to improve swallowing,C2012280,['T078'],['Idea or Concept'],37670901,drug_effect,2
946,improved symptoms,phenotype,improved symptoms,symptoms since last assessment: improved,C3251073,['T061'],['Therapeutic or Preventive Procedure'],37248494,exposure_phenotype,2
947,improves the decline of locomotor activity,phenotype,improves the decline of locomotor activity,,,[],[],38599016,drug_effect,2
948,inborn error of metabolism,disease,inborn error of metabolism,Inborn Errors of Metabolism,C0025521,['T047'],['Disease or Syndrome'],35487270,disease_disease,1
949,including neurological,phenotype,including neurological,"Neurological devices associated with adverse incidents, surgical instruments, materials and devices (including sutures)",C0481295,['T037'],['Injury or Poisoning'],36608914,disease_phenotype_positive,2
950,increase adenosine levels,phenotype,increase adenosine levels,,,[],[],35408815,off_label_use,2
951,increase in de novo sphingolipid biosynthesis,,increase in de novo sphingolipid biosynthesis,,,[],[],,,
952,increase in inflammatory gene expression,phenotype,increase in inflammatory gene expression,,,[],[],34720883,phenotype_protein,1
953,increase long term hematopoietic stem cells in spleen,phenotype,increase long term hematopoietic stem cells in spleen,,,[],[],35007562,phenotype_protein,1
954,increase long term hematopoietic stem in cells spleen,phenotype,increase long term hematopoietic stem in cells spleen,,,[],[],35007562,phenotype_protein,1
955,increase of mitochondrial cholesterol content,phenotype,increase of mitochondrial cholesterol content,,,[],[],34175669,disease_phenotype_positive,2
956,increase of this bile acid,phenotype,increase of this bile acid,,,[],[],38790666,disease_phenotype_positive,2
957,increase short term hematopoietic stem cells in spleen,phenotype,increase short term hematopoietic stem cells in spleen,,,[],[],35007562,phenotype_protein,1
958,increase short term hematopoietic stem in cells spleen,phenotype,increase short term hematopoietic stem in cells spleen,,,[],[],35007562,phenotype_protein,1
959,increase survival,phenotype,increase survival,"Instruct long-term survivors and their families of the possibility of second malignancies and the importance of reporting increased susceptibility to infection, fatigue, or bleeding",C0512176,['T065'],['Educational Activity'],36553254,drug_effect,2
960,increase the number of mature neurons,phenotype,increase the number of mature neurons,,,[],[],40877976,drug_effect,2
961,increase the number of purkinje cells,,increase the number of purkinje cells,,,[],[],,,
962,"increased 3β,5α,6β-trihydroxycholanyl glycine",phenotype,"increased 3β,5α,6β-trihydroxycholanyl glycine",,,[],[],38790666,disease_phenotype_positive,2
963,increased age of neurological onset,phenotype,increased age of neurological onset,,,[],[],40064165,phenotype_phenotype,2
964,increased amyloidogenic processing of app,,increased amyloidogenic processing of app,,,[],[],,,
965,increased annual severity increment score,,increased annual severity increment score,,,[],[],,,
966,increased app c-terminal fragments,,increased app c-terminal fragments,,,[],[],,,
967,increased astrogliosis,phenotype,increased astrogliosis,,,[],[],35563467,disease_phenotype_positive,2
968,increased c24 isoforms,,increased c24 isoforms,,,[],[],,,
969,increased cell proliferation,phenotype,increased cell proliferation,Increased nonspecific CD8+ T-cell proliferation,C4230434,['T033'],['Finding'],36322609,phenotype_protein,2
970,increased cfs level of total tau,,increased cfs level of total tau,,,[],[],,,
971,increased cholesterol,phenotype,increased cholesterol,Increased cholesterol,C3276464,['T033'],['Finding'],40869913,disease_phenotype_positive,2
972,increased cholesterol content associated with mitochondria,phenotype,increased cholesterol content associated with mitochondria,,,[],[],35507892,phenotype_protein,2
973,increased cholesterol content associated with tgn-rich membranes,,increased cholesterol content associated with tgn-rich membranes,,,[],[],,,
974,increased dna damage,,increased dna damage,Increased chromosomal breakage in response to DNA damaging agents,C4228777,['T033'],['Finding'],,,
975,increased efflux of 24(s)-hc,,increased efflux of 24(s)-hc,,,[],[],,,
976,increased flotillin-2,,increased flotillin-2,,,[],[],,,
977,increased glucosylceramide,phenotype,increased glucosylceramide,Glucosylceramide increased,C3495729,['T034'],['Laboratory or Test Result'],37440478,phenotype_protein,2
978,increased glucosylceramide synthase,,increased glucosylceramide synthase,,,[],[],,,
979,increased gm2 ganglioside accumulation,,increased gm2 ganglioside accumulation,,,[],[],,,
980,increased gm3 ganglioside accumulation,,increased gm3 ganglioside accumulation,,,[],[],,,
981,increased immune response,phenotype,increased immune response,,,[],[],35563467,phenotype_phenotype|phenotype_protein,1|2
982,increased ip3-mediated ca2+ release,,increased ip3-mediated ca2+ release,,,[],[],,,
983,increased level of p-jak2,,increased level of p-jak2,,,[],[],,,
984,increased levels of extracellular adenosine,phenotype,increased levels of extracellular adenosine,,,[],[],35408815,drug_effect,2
985,increased levels of serum hmgb1,,increased levels of serum hmgb1,,,[],[],,,
986,increased levels of tau protein,phenotype,increased levels of tau protein,,,[],[],35455589,disease_protein,2
987,increased lysosomal cholesterol,,increased lysosomal cholesterol,,,[],[],,,
988,increased lysosomal ph,,increased lysosomal ph,,,[],[],,,
989,increased lysosomal volume,phenotype,increased lysosomal volume,,,[],[],40003936,phenotype_protein,2
990,increased median survival,phenotype,increased median survival,,,[],[],34802899,drug_effect,2
991,increased membrane contact sites,phenotype,increased membrane contact sites,,,[],[],38302739,disease_phenotype_positive,2
992,increased mitochondrial ca2+,,increased mitochondrial ca2+,,,[],[],,,
993,increased mitochondrial gsh levels,,increased mitochondrial gsh levels,,,[],[],,,
994,increased mitochondrial membrane fluidity,phenotype,increased mitochondrial membrane fluidity,,,[],[],38599016,drug_effect,2
995,increased neuronal mglur5,,increased neuronal mglur5,,,[],[],,,
996,increased npc2 gene expression,,increased npc2 gene expression,,,[],[],,,
997,increased p-jak2/jak2 ratio,,increased p-jak2/jak2 ratio,,,[],[],,,
998,increased p-stat3/stat3 ratio,,increased p-stat3/stat3 ratio,,,[],[],,,
999,increased phosphatidylcholine ratio,phenotype,increased phosphatidylcholine ratio,,,[],[],38599016,drug_effect,2
1000,increased phosphatidylethanolamine ratio,phenotype,increased phosphatidylethanolamine ratio,,,[],[],38599016,drug_effect,2
1001,increased phosphorylation of s1303 on nr2b,,increased phosphorylation of s1303 on nr2b,,,[],[],,,
1002,increased phosphorylation of t286 on camkiiα,,increased phosphorylation of t286 on camkiiα,,,[],[],,,
1003,increased plasma granulocyte-colony stimulating factor by 2-fold,phenotype,increased plasma granulocyte-colony stimulating factor by 2-fold,,,[],[],35007562,phenotype_protein,1
1004,increased plasma il-10,,increased plasma il-10,,,[],[],,,
1005,increased plasma il-6,,increased plasma il-6,,,[],[],,,
1006,increased plasma il-8,,increased plasma il-8,,,[],[],,,
1007,increased plasma neurofilament light,,increased plasma neurofilament light,Increased plasma neurofilament light chain (NEFL),C6013283,['T033'],['Finding'],,,
1008,increased pro-neuropeptide y,,increased pro-neuropeptide y,,,[],[],,,
1009,increased survival,phenotype,increased survival,"Instruct long-term survivors and their families of the possibility of second malignancies and the importance of reporting increased susceptibility to infection, fatigue, or bleeding",C0512176,['T065'],['Educational Activity'],37371089|37373322,phenotype_protein,1|2
1010,increased synthesis of cholesterol,phenotype,increased synthesis of cholesterol,Increased Cholesterol Synthesis,C1372255,['T042'],['Organ or Tissue Function'],40301465,exposure_phenotype,2
1011,increased synthesis of triglycerides,,increased synthesis of triglycerides,,,[],[],,,
1012,increased total amyloid precursor protein,,increased total amyloid precursor protein,,,[],[],,,
1013,increases lysosomal degradation of cation-independent -mannose 6-phosphate receptor,phenotype,increases lysosomal degradation of cation-independent -mannose 6-phosphate receptor,,,[],[],35653304,phenotype_phenotype,2
1014,increases niemann-pick disease type c1,,increases niemann-pick disease type c1,,,[],[],,,
1015,increases purkinje cell survival,,increases purkinje cell survival,,,[],[],,,
1016,increasing adenosine levels,phenotype,increasing adenosine levels,,,[],[],35408815,disease_phenotype_positive,2
1017,induced extracellular release of lysosomal components,phenotype,induced extracellular release of lysosomal components,,,[],[],40565243,drug_effect,2
1018,induced neurons,anatomy,induced neurons,damage-induced neuronal endopeptidase,C0914118,"['T116', 'T126']","['Amino Acid, Peptide, or Protein', 'Enzyme']",36301667,anatomy_disease|anatomy_protein_present,1
1019,induced pluripotent stem cells,anatomy | phenotype,induced pluripotent stem cells,Induced Pluripotent Stem Cells,C2717959,['T025'],['Cell'],34377675|36301667,anatomy_disease|disease_phenotype_positive,1|2
1020,inefficient efferocytosis,phenotype,inefficient efferocytosis,,,[],[],39547438,phenotype_protein,2
1021,infant death,phenotype,infant death,Infant Death,C0549159,['T033'],['Finding'],35850050,disease_phenotype_positive,2
1022,infections,phenotype,infections,Infection,C3714514,['T046'],['Pathologic Function'],34303826,phenotype_phenotype,1
1023,infg,,infg,ASN002,C4048796,"['T121', 'T129']","['Pharmacologic Substance', 'Immunologic Factor']",,,
1024,inflammation,pathology | pathway,inflammation,Inflammation,C0021368,['T046'],['Pathologic Function'],34440927|35360843,disease_pathology|pathway_protein,1|2
1025,inflammation in the cerebellum,phenotype,inflammation in the cerebellum,Autoimmune cerebellar inflammation,C5680410,['T047'],['Disease or Syndrome'],40306479,disease_phenotype_positive,2
1026,inflammatory damage,phenotype,inflammatory damage,clearance of damaged tissue during inflammatory response,C1817415,['T043'],['Cell Function'],34502342,phenotype_protein,1
1027,inflammatory gene expression,,inflammatory gene expression,Elevated Inflammatory Gene Signature Expression,C5708015,['T033'],['Finding'],,,
1028,inflammatory pathways,pathway,inflammatory pathways,Cholinergic Anti-inflammatory Pathway,C5200819,['T023'],"['Body Part, Organ, or Organ Component']",34810067,disease_pathway,2
1029,ingestion of lipid vesicles into vacuoles,,ingestion of lipid vesicles into vacuoles,,,[],[],,,
1030,inherited,phenotype,inherited,Hereditary,C0439660,['T169'],['Functional Concept'],35452076,disease_phenotype_positive,2
1031,inherited autosomal-recessive endolysosomal storage disease,disease,inherited autosomal-recessive endolysosomal storage disease,,,[],[],36614015,disease_disease,1
1032,inherited neurovisceral genetic disorder,phenotype,inherited neurovisceral genetic disorder,,,[],[],37458497,disease_phenotype_positive,2
1033,inhibitory activity towards ent1,,inhibitory activity towards ent1,,,[],[],,,
1034,inhibits tumor growth,phenotype,inhibits tumor growth,"brain-derived carcinostatic factor, mouse",C0631917,['T116'],"['Amino Acid, Peptide, or Protein']",41013744,drug_effect,2
1035,initial psychopharmacology,phenotype,initial psychopharmacology,,,[],[],34744838,disease_phenotype_positive,2
1036,injured livers,anatomy,injured livers,,,[],[],39547438,anatomy_protein_present,1
1037,innate immunity,biological_process,innate immunity,"Immunity, Innate",C0020969,['T032'],['Organism Attribute'],38253667,bioprocess_protein,2
1038,insulin signaling,biological_process,insulin signaling,Insulin Signaling Pathway,C1512804,['T044'],['Molecular Function'],35245460,bioprocess_protein|exposure_bioprocess,2
1039,insulin-like growth factor 2 receptor,protein/gene,insulin-like growth factor 2 receptor,IGF2R gene,C1334090,['T028'],['Gene or Genome'],34851695,anatomy_protein_present|protein_protein,2
1040,insulin-like peptides,biological_process,insulin-like peptides,Insulin-Like Peptides,C5828367,"['T116', 'T123']","['Amino Acid, Peptide, or Protein', 'Biologically Active Substance']",35245460,bioprocess_protein,2
1041,intellectual impairment,phenotype,intellectual impairment,Intellectual impairment,C0683322,['T048'],['Mental or Behavioral Dysfunction'],37008782,disease_phenotype_positive,2
1042,intensive blinking,phenotype,intensive blinking,,,[],[],34086834,disease_phenotype_positive,2
1043,internal organs,,internal organs,deficiencies of internal organs,C2243098,['T047'],['Disease or Syndrome'],,,
1044,internalization,biological_process,internalization,internalization,C0871786,['T041'],['Mental Process'],36431844,drug_bioprocess,2
1045,interneurons,,interneurons,Interneurons,C0021792,['T025'],['Cell'],,,
1046,intestines,anatomy,intestines,Intestines,C0021853,['T023'],"['Body Part, Organ, or Organ Component']",34061502,anatomy_disease,1
1047,intolerance of psychopharmacological drugs,phenotype,intolerance of psychopharmacological drugs,,,[],[],34744838,disease_phenotype_positive,2
1048,intracellular accumulation of mglur5,,intracellular accumulation of mglur5,,,[],[],,,
1049,intracellular accumulation of non-esterified cholesterol,phenotype,intracellular accumulation of non-esterified cholesterol,,,[],[],35487270,disease_phenotype_positive,2
1050,intracellular accumulation of other lipids,phenotype,intracellular accumulation of other lipids,,,[],[],35487270,disease_phenotype_positive,2
1051,intracellular accumulation of unesterified cholesterol,phenotype,intracellular accumulation of unesterified cholesterol,Intracellular accumulation of unesterified cholesterol,C3553603,['T033'],['Finding'],39689839,disease_phenotype_positive,2
1052,intracellular cholesterol,cellular_component,intracellular cholesterol,intracellular cholesterol transport,C1819279,['T043'],['Cell Function'],34830064,cellcomp_cellcomp,1
1053,intracellular cholesterol defect,phenotype,intracellular cholesterol defect,,,[],[],36322609,phenotype_anatomy|phenotype_phenotype,1|2
1054,intracellular cholesterol trafficking,biological_process | pathway | phenotype,intracellular cholesterol trafficking,,,[],[],36116252|37602789|38183651|39706535|40107109|40847051,anatomy_protein_absent|bioprocess_protein|drug_effect|pathway_protein,1|2
1055,intracellular cholesterol transport inhibitor,drug,intracellular cholesterol transport inhibitor,,,[],[],39340823,drug_effect|indication,1
1056,intracellular lipid storage,phenotype,intracellular lipid storage,,,[],[],36614015,disease_phenotype_positive,2
1057,intracellular mobilization of water-insoluble molecules,biological_process,intracellular mobilization of water-insoluble molecules,,,[],[],34879185,bioprocess_protein,2
1058,intracellular neutral lipids,lipid,intracellular neutral lipids,,,[],[],40301465,anatomy_protein_present,2
1059,intracellular sphingolipid transport,biological_process,intracellular sphingolipid transport,,,[],[],37423302,bioprocess_protein,2
1060,intracellular trafficking of cholesterol,biological_process,intracellular trafficking of cholesterol,,,[],[],37245481,bioprocess_protein,2
1061,intramitochondrial cholesterol trafficking,biological_process,intramitochondrial cholesterol trafficking,,,[],[],34175669,bioprocess_protein,2
1062,intrathecal 2-hydroxypropyl-β-cyclodextrin,drug,intrathecal 2-hydroxypropyl-β-cyclodextrin,,,[],[],39688135,drug_effect,1
1063,ip3r type 1,,ip3r type 1,"inositol 1,4,5-trisphosphate receptor type 1",C1617580,"['T116', 'T192']","['Amino Acid, Peptide, or Protein', 'Receptor']",,,
1064,ip3r1,,ip3r1,ITPR1 gene,C1334148,['T028'],['Gene or Genome'],,,
1065,iron deposition,pathology,iron deposition,Deposition of iron,C0333596,['T046'],['Pathologic Function'],37348967,pathology_anatomy_present,1
1066,iron deprivation,,iron deprivation,,,[],[],,,
1067,iron disorder,,iron disorder,Iron Metabolism Disorders,C0012715,['T047'],['Disease or Syndrome'],,,
1068,iron homeostasis dysregulation,,iron homeostasis dysregulation,,,[],[],,,
1069,iron overload,phenotype,iron overload,Iron Overload,C0282193,['T047'],['Disease or Syndrome'],37047194,phenotype_phenotype|phenotype_protein,1|2
1070,isogenic induced pluripotent stem cells,anatomy,isogenic induced pluripotent stem cells,,,[],[],36301667,anatomy_protein_present,1
1071,juvenile onset form niemann-pick disease type c,,juvenile onset form niemann-pick disease type c,,,[],[],,,
1072,k604,,k604,K-604,C4276581,['T109'],['Organic Chemical'],,,
1073,keap1− nrf2 axis,,keap1− nrf2 axis,,,[],[],,,
1074,kernel width,phenotype,kernel width,Kernel Bandwidth,C2697840,['T170'],['Intellectual Product'],35845666,phenotype_protein,2
1075,kidneys,anatomy,kidneys,Both kidneys,C0227665,['T023'],"['Body Part, Organ, or Organ Component']",35016719|38087834,anatomy_disease|anatomy_protein_present,1
1076,kinesin domain,molecular_function,kinesin domain,,,[],[],36861884,molfunc_protein,1
1077,kn-93,,kn-93,KN 93,C0124673,['T109'],['Organic Chemical'],,,
1078,krabbe,,krabbe,Globoid cell leukodystrophy,C0023521,['T047'],['Disease or Syndrome'],,,
1079,kv2,,kv2,Shab Potassium Channels,C1566224,"['T116', 'T123']","['Amino Acid, Peptide, or Protein', 'Biologically Active Substance']",,,
1080,kv2-cav,,kv2-cav,,,[],[],,,
1081,kv2.1 channels,,kv2.1 channels,Kv2.1 Potassium Channel,C0289061,['T116'],"['Amino Acid, Peptide, or Protein']",,,
1082,lacking ncr1,,lacking ncr1,,,[],[],,,
1083,lacking npc2,,lacking npc2,,,[],[],,,
1084,lactosylceramides,phenotype,lactosylceramides,Lactosylceramides,C0022954,['T109'],['Organic Chemical'],34810067,disease_phenotype_negative,2
1085,lamellar bodies,pathology | phenotype,lamellar bodies,lamellar body,C0230698,['T026'],['Cell Component'],36325261,disease_phenotype_positive|pathology_anatomy_present,1|2
1086,language disorders,phenotype,language disorders,Language Disorders,C0023015,['T048'],['Mental or Behavioral Dysfunction'],38087834,disease_phenotype_positive,2
1087,late endosomal accumulation of unesterified cholesterol,phenotype,late endosomal accumulation of unesterified cholesterol,,,[],[],39048052,disease_phenotype_positive,2
1088,late endosome cholesterol accumulation,phenotype,late endosome cholesterol accumulation,,,[],[],36823305,cellcomp_protein|disease_phenotype_positive,1|2
1089,late endosome cholesterol transport,phenotype,late endosome cholesterol transport,,,[],[],36861884,disease_phenotype_negative,2
1090,late endosome morphology,phenotype,late endosome morphology,,,[],[],36823305,phenotype_protein,1
1091,late endosome tubulation,biological_process | phenotype,late endosome tubulation,,,[],[],36861884,bioprocess_protein|disease_phenotype_negative,1|2
1092,late endosomes,cellular_component,late endosomes,late endosome,C1166848,['T026'],['Cell Component'],34455703|36861884,cellcomp_bioprocess|phenotype_cellcomp,1|2
1093,late endosomes -lysosomes,cellular_component,late endosomes -lysosomes,late endosome-lysosome fusion,C5907375,['T043'],['Cell Function'],38183651,phenotype_anatomy,2
1094,late infantile onset,phenotype,late infantile onset,Cryptogenic late-onset epileptic spasms,C4755310,['T047'],['Disease or Syndrome'],36243834,disease_phenotype_positive,2
1095,late lysosomal and endosomal compartments,cellular_component,late lysosomal and endosomal compartments,,,[],[],34418116,cellcomp_protein,1
1096,late-endosomes,cellular_component,late-endosomes,late endosome,C1166848,['T026'],['Cell Component'],38254990,cellcomp_protein,1
1097,lateral trajectory of the eyes,phenotype,lateral trajectory of the eyes,,,[],[],34086834,disease_phenotype_positive,2
1098,ldl-mediated cholesterol uptake,,ldl-mediated cholesterol uptake,,,[],[],,,
1099,learning and memory,phenotype,learning and memory,learning and/or memory,C1154338,['T041'],['Mental Process'],37999680,phenotype_phenotype,2
1100,left frontotemporal networks,anatomy,left frontotemporal networks,,,[],[],41277897,anatomy_disease,1
1101,lethal,phenotype,lethal,"Granuloma, Lethal Midline",C0018197,['T191'],['Neoplastic Process'],36614015,disease_phenotype_positive,2
1102,lethal genetic disease,disease,lethal genetic disease,,,[],[],39102515,disease_disease,1
1103,levacetylleucine,,levacetylleucine,levacetylleucine,C4547971,"['T116', 'T121']","['Amino Acid, Peptide, or Protein', 'Pharmacologic Substance']",,,
1104,level of p-stat3,,level of p-stat3,,,[],[],,,
1105,lgals3-positive leaky lysosomes,,lgals3-positive leaky lysosomes,,,[],[],,,
1106,lifespan,phenotype,lifespan,Longevity,C0023980,['T079'],['Temporal Concept'],38895439|38895471,drug_effect|phenotype_protein,2
1107,limp2,,limp2,SCARB2 gene,C1413219,['T028'],['Gene or Genome'],,,
1108,lipid accumulation,phenotype,lipid accumulation,Lipid Accumulation Product,C3658347,['T081'],['Quantitative Concept'],34944681|35081253,disease_phenotype_positive|phenotype_protein,1|2
1109,lipid accumulation in late endosomes,phenotype,lipid accumulation in late endosomes,,,[],[],34720883,disease_phenotype_positive,2
1110,lipid accumulation in lysosomes,phenotype,lipid accumulation in lysosomes,,,[],[],34720883,disease_phenotype_positive,2
1111,lipid biosynthesis,biological_process | pathway,lipid biosynthesis,Lipogenesis,C1563744,['T040'],['Organism Function'],34296265|40972529,bioprocess_protein|drug_bioprocess|pathway_protein,1|2
1112,lipid burden,phenotype,lipid burden,,,[],[],40215728,drug_effect,2
1113,lipid catabolism,,lipid catabolism,Lipolysis,C0023796,['T040'],['Organism Function'],,,
1114,lipid clearance,phenotype,lipid clearance,,,[],[],35081253,drug_effect,2
1115,lipid dysregulation,phenotype,lipid dysregulation,,,[],[],39202426,disease_phenotype_positive,2
1116,lipid inclusions,phenotype,lipid inclusions,Lipid inclusions in lymphocytes,C4231253,['T033'],['Finding'],40869913,disease_phenotype_positive,2
1117,lipid metabolism,pathway,lipid metabolism,Lipid Metabolism,C0598783,['T044'],['Molecular Function'],34440927,pathway_protein,1
1118,lipid metabolism disorders,phenotype,lipid metabolism disorders,Lipid Metabolism Disorders,C0154251,['T047'],['Disease or Syndrome'],38087834,phenotype_protein,1
1119,lipid peroxidation,phenotype,lipid peroxidation,Lipid Peroxidation,C0023775,['T044'],['Molecular Function'],39202426,disease_phenotype_positive,2
1120,lipid rafts,cellular_component,lipid rafts,lipid raft,C1167250,['T026'],['Cell Component'],37539272,cellcomp_protein,2
1121,lipid storage disorder,disease | phenotype,lipid storage disorder,"metabolic disorder; lipid, lipoid, storage",C1410111,['T047'],['Disease or Syndrome'],36431844|36553254|40221338|40898442,disease_disease|disease_phenotype_positive|drug_effect,2
1122,lipid trafficking,biological_process,lipid trafficking,Lipid Transport,C0596846,['T043'],['Cell Function'],36085278|39689839,bioprocess_protein,2
1123,lipid transport pathway,biological_process,lipid transport pathway,,,[],[],40257496,bioprocess_protein,2
1124,lipid uptake,biological_process,lipid uptake,lipid uptake,C5137242,['T043'],['Cell Function'],40972529,bioprocess_protein,2
1125,lipid-degrading enzymes,,lipid-degrading enzymes,,,[],[],,,
1126,lipid-laden foamy macrophages,phenotype,lipid-laden foamy macrophages,,,[],[],38826605,disease_phenotype_positive,2
1127,lipidated apoe4 particles,,lipidated apoe4 particles,,,[],[],,,
1128,lipids’ trafficking,biological_process,lipids’ trafficking,Lipid Transport,C0596846,['T043'],['Cell Function'],34879185,bioprocess_protein,2
1129,lipoid storage disease,disease,lipoid storage disease,Lipoidosis,C0023794,['T047'],['Disease or Syndrome'],36553254,disease_disease,2
1130,lipopolysaccharide,exposure,lipopolysaccharide,Lipopolysaccharides,C0023810,['T109'],['Organic Chemical'],34410604,exposure_bioprocess,1
1131,lipoxygenase,molecular_function | pathway,lipoxygenase,Lipoxygenase,C0023837,"['T116', 'T126']","['Amino Acid, Peptide, or Protein', 'Enzyme']",40306479,molfunc_molfunc|pathway_molfunc,1
1132,liver biopsy,phenotype,liver biopsy,Biopsy of liver (procedure),C0193388,['T060'],['Diagnostic Procedure'],36719165,disease_phenotype_positive,2
1133,liver damage,phenotype,liver damage,Liver damage,C0151763,['T046'],['Pathologic Function'],34440927|35694196,disease_phenotype_positive|phenotype_protein,1|2
1134,liver disease,disease | phenotype,liver disease,Liver diseases,C0023895,['T047'],['Disease or Syndrome'],35455589|36719165|38673803,disease_disease|disease_protein|phenotype_protein,1
1135,liver failure,phenotype,liver failure,Liver Failure,C0085605,['T047'],['Disease or Syndrome'],34138521,disease_phenotype_positive,2
1136,liver failure developed,phenotype,liver failure developed,,,[],[],36265573,disease_phenotype_positive,2
1137,liver fibrosis,phenotype,liver fibrosis,"Fibrosis, Liver",C0239946,['T047'],['Disease or Syndrome'],34440927|39547438,anatomy_protein_present|disease_phenotype_positive|phenotype_protein,1|2
1138,liver inflammation,phenotype,liver inflammation,Hepatitis,C0019158,['T047'],['Disease or Syndrome'],39547438,phenotype_protein,2
1139,liver injury,phenotype,liver injury,Injury of liver,C0160390,['T037'],['Injury or Poisoning'],39547438,bioprocess_protein,2
1140,liver protection drugs,drug,liver protection drugs,,,[],[],35360843,indication,1
1141,liver steatosis,phenotype,liver steatosis,Fatty Liver,C0015695,['T047'],['Disease or Syndrome'],34440927,disease_phenotype_positive|phenotype_protein,1|2
1142,liver transplantation (,phenotype,liver transplantation (,Transplantation of liver,C0023911,['T061'],['Therapeutic or Preventive Procedure'],37429811,disease_phenotype_positive,2
1143,liver x receptor β,,liver x receptor β,,,[],[],,,
1144,liver−spleen region,anatomy,liver−spleen region,,,[],[],34061502,anatomy_disease,1
1145,living donor liver transplantation,exposure,living donor liver transplantation,Living donor liver transplant,C3544287,['T061'],['Therapeutic or Preventive Procedure'],37429811,exposure_bioprocess|pathology_phenotype,1|2
1146,lncrna h19,,lncrna h19,MIR503HG gene,C3810883,['T028'],['Gene or Genome'],,,
1147,lo microdomain formation,,lo microdomain formation,,,[],[],,,
1148,long-chain fatty acids,phenotype,long-chain fatty acids,Very long chain fatty acids measurement,C0443566,['T059'],['Laboratory Procedure'],36182715,phenotype_protein,1
1149,long-term congenital immunodeficiencies,disease,long-term congenital immunodeficiencies,,,[],[],35081253,disease_disease,2
1150,loose cell bodies,phenotype,loose cell bodies,,,[],[],38087834,phenotype_protein,1
1151,loss in neuronal signaling capacity,phenotype,loss in neuronal signaling capacity,,,[],[],39340823,drug_effect,2
1152,loss of cerebellar purkinje cells,,loss of cerebellar purkinje cells,Loss of cerebellar Purkinje cells,C3281224,['T033'],['Finding'],,,
1153,loss of developmental milestones,phenotype,loss of developmental milestones,Loss of developmental milestones,C1836550,['T033'],['Finding'],34455703,disease_phenotype_positive,2
1154,loss of enjoyment in activities,phenotype,loss of enjoyment in activities,Loss of interest in previously enjoyable activity,C1562291,['T033'],['Finding'],34819124,disease_phenotype_positive,2
1155,loss of lipid rafts,phenotype,loss of lipid rafts,,,[],[],37539272,phenotype_protein,2
1156,loss of mental and physical abilities,phenotype,loss of mental and physical abilities,,,[],[],35016719,disease_phenotype_positive,2
1157,loss of motor function,phenotype,loss of motor function,Loss of motor functions,C1864672,['T033'],['Finding'],40663813,disease_phenotype_positive,2
1158,"loss of motor function, swallowing, and speech",,"loss of motor function, swallowing, and speech",,,[],[],,,
1159,loss of ncr1,,loss of ncr1,,,[],[],,,
1160,loss of npc activity,,loss of npc activity,,,[],[],,,
1161,loss of psychomotor acquisitions,phenotype,loss of psychomotor acquisitions,,,[],[],37480097,disease_phenotype_positive,2
1162,loss of purkinje cells,,loss of purkinje cells,Loss of Purkinje cells,C3278116,['T033'],['Finding'],,,
1163,loss of purkinje neurons,,loss of purkinje neurons,"Neuronal loss, particularly of cerebellar Purkinje cells",C2749478,['T033'],['Finding'],,,
1164,low cerebrospinal fluid (csf) amyloid- 1-42 (a) levels,,low cerebrospinal fluid (csf) amyloid- 1-42 (a) levels,,,[],[],,,
1165,low expression tyrosinase,phenotype,low expression tyrosinase,,,[],[],37423302,phenotype_protein,1
1166,low levels of esterified cholesterols,phenotype,low levels of esterified cholesterols,,,[],[],36182715,disease_phenotype_positive,2
1167,low levels of long-chain fatty acids,phenotype,low levels of long-chain fatty acids,,,[],[],36182715,disease_phenotype_positive,2
1168,low platelet count,phenotype,low platelet count,Low Platelet Count,C5201036,['T034'],['Laboratory or Test Result'],39697013,drug_effect,2
1169,low-density lipoprotein receptor,protein/gene,low-density lipoprotein receptor,Low Density Lipoprotein Receptor,C0034821,"['T116', 'T192']","['Amino Acid, Peptide, or Protein', 'Receptor']",40972529,protein_protein,1|2
1170,low-density lipoprotein receptor-related protein 6,protein/gene,low-density lipoprotein receptor-related protein 6,"LRP6 protein, human",C1701019,"['T116', 'T192']","['Amino Acid, Peptide, or Protein', 'Receptor']",40972529,protein_protein,1|2
1171,lower body weights,phenotype,lower body weights,Lower Body Weight Machines,C2721250,['T073'],['Manufactured Object'],36614015,disease_phenotype_positive,2
1172,lower cerebral expression of genes within interferon signaling pathways,phenotype,lower cerebral expression of genes within interferon signaling pathways,,,[],[],38254990,phenotype_protein,2
1173,lower expression of mat2a,,lower expression of mat2a,,,[],[],,,
1174,lower oxidative stress,phenotype,lower oxidative stress,,,[],[],38254990,phenotype_phenotype,1
1175,lower phosphatidylcholine ratio in mitochondria,phenotype,lower phosphatidylcholine ratio in mitochondria,,,[],[],38599016,phenotype_protein,2
1176,lower phosphatidylethanolamine ratio in mitochondria,phenotype,lower phosphatidylethanolamine ratio in mitochondria,,,[],[],38599016,phenotype_protein,2
1177,lowered smooth pursuit gain,phenotype,lowered smooth pursuit gain,,,[],[],34096670,disease_phenotype_positive,2
1178,lpc o-16:0,,lpc o-16:0,,,[],[],,,
1179,lpc o-18:1,,lpc o-18:1,,,[],[],,,
1180,lpla2,,lpla2,PLA2G15 gene,C1424787,['T028'],['Gene or Genome'],,,
1181,lpla2 (lysosomal phospholipase a2),,lpla2 (lysosomal phospholipase a2),,,[],[],,,
1182,lung infiltration,phenotype,lung infiltration,Pulmonary Infiltrate,C0235896,['T033'],['Finding'],36279795,disease_phenotype_positive,2
1183,lung injury,pathology,lung injury,Lung Injury,C0273115,['T037'],['Injury or Poisoning'],36804125,drug_effect,2
1184,lungs,anatomy,lungs,Lung,C0024109,['T023'],"['Body Part, Organ, or Organ Component']",37454976|38826605|39185019,anatomy_disease,1|2
1185,ly6a,,ly6a,LY6S gene,C5780877,['T028'],['Gene or Genome'],,,
1186,lyso-sphingolipids,biological_process | phenotype,lyso-sphingolipids,,,[],[],34810067|41274250,bioprocess_disease|disease_phenotype_positive,1|2
1187,lyso-sphingomyelin,phenotype,lyso-sphingomyelin,Lyso-sphingomyelin,C5142604,"['T109', 'T123']","['Organic Chemical', 'Biologically Active Substance']",35833379,disease_phenotype_positive,2
1188,lyso-sphingomyelin 509,,lyso-sphingomyelin 509,,,[],[],,,
1189,lyso-sphingomyelin-509,protein/gene,lyso-sphingomyelin-509,,,[],[],36777709,disease_protein|protein_protein,2
1190,lysobisphosphatidic acid enrichment,,lysobisphosphatidic acid enrichment,,,[],[],,,
1191,lysomsomal storage disorder,disease,lysomsomal storage disorder,,,[],[],35081253,disease_disease,2
1192,lysosm,,lysosm,,,[],[],,,
1193,lysosm509,,lysosm509,,,[],[],,,
1194,lysosomal,cellular_component,lysosomal,lysosomal,C0521450,['T029'],['Body Location or Region'],34175669|34407999|40215728,cellcomp_protein,1|2
1195,lysosomal accessible cholesterol,phenotype,lysosomal accessible cholesterol,,,[],[],40737317,phenotype_protein,2
1196,lysosomal accumulation,phenotype,lysosomal accumulation,Glycogen accumulation in muscle fiber lysosomes,C4022567,['T033'],['Finding'],34296265,disease_phenotype_positive,2
1197,lysosomal accumulation of cholesterol,phenotype,lysosomal accumulation of cholesterol,,,[],[],34377675|34407999|40306479,disease_phenotype_positive|phenotype_phenotype|phenotype_protein,1|2
1198,lysosomal accumulation of unesterified cholesterol,phenotype,lysosomal accumulation of unesterified cholesterol,,,[],[],36777709|39048052,disease_phenotype_positive,2
1199,lysosomal acid lipase,protein/gene,lysosomal acid lipase,Lysosomal acid lipase deficiency,C5574740,['T047'],['Disease or Syndrome'],34440927,cellcomp_protein|phenotype_protein,2
1200,lysosomal biogenesis,,lysosomal biogenesis,BLOC1S4 gene,C1539116,['T028'],['Gene or Genome'],,,
1201,lysosomal bis(monoacylglycero)phosphate hydrolase,molecular_function,lysosomal bis(monoacylglycero)phosphate hydrolase,,,[],[],38895439,molfunc_protein,2
1202,lysosomal ca2+ efflux,,lysosomal ca2+ efflux,,,[],[],,,
1203,lysosomal ca2+ signalling defects,,lysosomal ca2+ signalling defects,,,[],[],,,
1204,lysosomal cholesterol accumulation,phenotype,lysosomal cholesterol accumulation,,,[],[],40107109,disease_phenotype_positive,2
1205,lysosomal cholesterol crystals solubilizer,phenotype,lysosomal cholesterol crystals solubilizer,,,[],[],34748340,drug_effect,2
1206,lysosomal cholesterol egress,biological_process,lysosomal cholesterol egress,,,[],[],40333988,bioprocess_protein,1
1207,lysosomal cholesterol handling,biological_process,lysosomal cholesterol handling,,,[],[],40565243,bioprocess_protein,2
1208,lysosomal cholesterol homeostasis,biological_process | phenotype,lysosomal cholesterol homeostasis,,,[],[],35891519|38183651|40333988,anatomy_cellcomp|bioprocess_protein,1|2
1209,lysosomal cholesterol trafficking pathway,biological_process | pathway,lysosomal cholesterol trafficking pathway,,,[],[],39339852,drug_bioprocess|pathway_protein,2
1210,lysosomal cholesterol transport,biological_process | cellular_component,lysosomal cholesterol transport,lysosome to ER cholesterol transport,C2755531,['T043'],['Cell Function'],35891519|38737295,cellcomp_bioprocess|drug_bioprocess,1|2
1211,lysosomal cholesterol transporter,biological_process | molecular_function,lysosomal cholesterol transporter,lysosome to ER cholesterol transport,C2755531,['T043'],['Cell Function'],34580197|37890669|38737295|39339852,disease_metabolite|molfunc_protein,1|2
1212,lysosomal clearance,phenotype,lysosomal clearance,phagosome-lysosome docking involved in apoptotic cell clearance,C3157016,['T043'],['Cell Function'],40427492,drug_effect,2
1213,lysosomal compartment,cellular_component,lysosomal compartment,Compartment of lysosome,C2330755,['T030'],['Body Space or Junction'],38183651,anatomy_cellcomp,2
1214,lysosomal defects,pathology,lysosomal defects,Defect in post-translational modification of lysosomal enzymes,C0342845,['T047'],['Disease or Syndrome'],38253667,pathology_phenotype,1
1215,lysosomal degradation,biological_process | pathway,lysosomal degradation,lysosomal protein catabolic process,C4235415,['T043'],['Cell Function'],34290407|36482560,bioprocess_protein|pathway_protein,2
1216,lysosomal differentially expressed proteins,cellular_component,lysosomal differentially expressed proteins,,,[],[],34440927,cellcomp_protein,1
1217,lysosomal disease,disease,lysosomal disease,Lysosomal disease,C5681329,['T047'],['Disease or Syndrome'],34810067,disease_disease,2
1218,lysosomal diseases,disease,lysosomal diseases,Lysosomal Storage Diseases,C0085078,['T047'],['Disease or Syndrome'],36301667|36638187|40565243,disease_disease|indication,1|2
1219,lysosomal disorder,disease | phenotype,lysosomal disorder,Disorder of lysosomal enzyme,C5848368,['T047'],['Disease or Syndrome'],35853348|35892469|36301667|36470574|37407594|38673803|39207850,disease_disease|disease_phenotype_positive,1|2
1220,lysosomal dysfunction,phenotype,lysosomal dysfunction,,,[],[],39518914|40215728,disease_phenotype_positive|phenotype_protein,2
1221,lysosomal enlargement,phenotype,lysosomal enlargement,Vacuolated lymphocytes,C1836855,['T033'],['Finding'],39502943,disease_phenotype_positive,2
1222,lysosomal exocytosis,,lysosomal exocytosis,Secondary lysosome undergoing exocytosis,C0230819,['T026'],['Cell Component'],,,
1223,lysosomal function,,lysosomal function,Increased Lysosomal Function,C1372391,['T043'],['Cell Function'],,,
1224,lysosomal leakage,phenotype,lysosomal leakage,,,[],[],36409725,drug_effect|phenotype_phenotype,1|2
1225,lysosomal lipid accumulation,phenotype,lysosomal lipid accumulation,,,[],[],35408815|36325261|39789920|40257496,disease_phenotype_positive,2
1226,lysosomal lipid storage,disease,lysosomal lipid storage,,,[],[],36455410|38087834,disease_disease,1|2
1227,lysosomal lipid storage disease,disease,lysosomal lipid storage disease,,,[],[],37480097,disease_disease,2
1228,lysosomal membrane permeabilization,biological_process | phenotype,lysosomal membrane permeabilization,,,[],[],36409725,drug_bioprocess|phenotype_phenotype,1|2
1229,lysosomal protein trafficking,phenotype,lysosomal protein trafficking,"LYST protein, human",C0893370,"['T116', 'T123']","['Amino Acid, Peptide, or Protein', 'Biologically Active Substance']",34851695,phenotype_protein,1
1230,lysosomal storage,phenotype,lysosomal storage,Lysosomal Storage Diseases,C0085078,['T047'],['Disease or Syndrome'],36455410|38826605,disease_phenotype_positive,2
1231,lysosomal storage defects,disease,lysosomal storage defects,,,[],[],35016719,disease_phenotype_positive,1
1232,lysosomal storage diseases,disease,lysosomal storage diseases,Lysosomal Storage Diseases,C0085078,['T047'],['Disease or Syndrome'],34851695|35360843|40869913,disease_disease|disease_phenotype_positive,1|2
1233,lysosomal storage disorder,disease | phenotype,lysosomal storage disorder,Lysosomal Storage Diseases,C0085078,['T047'],['Disease or Syndrome'],34138521|34150357|34175669|34440927|34526163|34993563|36265573|36823305|36920149|37032242|37371089|37373322|37423302|38294974|38533577|38599016|38804481|38821960|39185019|39518914|39557950|39959107|40701909|40866990|40898442|41277897,disease_disease|disease_phenotype_positive|phenotype_phenotype,1|2
1234,lysosomal storage disorders,disease,lysosomal storage disorders,Lysosomal storage disorders suspected,C2964199,['T033'],['Finding'],35140266|36265126|36777709|38549495|40333988,disease_disease|disease_phenotype_positive|indication,1|2
1235,lysosomal storage of lipids,,lysosomal storage of lipids,,,[],[],,,
1236,lysosomal-associated membrane protein 2,,lysosomal-associated membrane protein 2,Lysosomal-Associated Membrane Protein 2,C0125272,"['T116', 'T129']","['Amino Acid, Peptide, or Protein', 'Immunologic Factor']",,,
1237,lysosome abundance,phenotype,lysosome abundance,,,[],[],38183651,phenotype_protein,1
1238,lysosome cholesterol accumulation,phenotype,lysosome cholesterol accumulation,,,[],[],36823305,disease_phenotype_positive|phenotype_protein,1|2
1239,lysosome cholesterol transport,phenotype,lysosome cholesterol transport,lysosome to ER cholesterol transport,C2755531,['T043'],['Cell Function'],36861884,disease_phenotype_negative,2
1240,lysosome disease,,lysosome disease,Lysosomal Storage Diseases,C0085078,['T047'],['Disease or Syndrome'],,,
1241,lysosome dysfunction,phenotype,lysosome dysfunction,,,[],[],34851695,anatomy_disease|disease_phenotype_positive,2
1242,lysosome limiting membrane,cellular_component,lysosome limiting membrane,,,[],[],37423302,cellcomp_protein,2
1243,lysosome membrane,cellular_component,lysosome membrane,Membrane of lysosome,C0230812,['T026'],['Cell Component'],34085599,phenotype_cellcomp,2
1244,lysosome morphology,phenotype,lysosome morphology,Abnormal lysosomal morphology,C4531183,['T190'],['Anatomical Abnormality'],36823305,phenotype_protein,1
1245,lysosome stabilizing,drug,lysosome stabilizing,lysosomal protein stabilization,C1152621,['T044'],['Molecular Function'],36409725,indication,1
1246,lysosome tubulation,phenotype,lysosome tubulation,,,[],[],36861884,disease_phenotype_negative,2
1247,lysosome-associated membrane protein 1,,lysosome-associated membrane protein 1,LAMP1 gene,C1416788,['T028'],['Gene or Genome'],,,
1248,lysosome-dependent cell death,phenotype,lysosome-dependent cell death,,,[],[],36409725,drug_effect,2
1249,lysosomes,cellular_component,lysosomes,Lysosomes,C0024369,['T026'],['Cell Component'],34830064|34879185|35554935|35695805|36325261|36431844|36861884|38254990|40737317,bioprocess_cellcompt|cellcomp_cellcomp|cellcomp_protein|drug_effect|exposure_cellcomp|phenotype_cellcomp,1|2
1250,lysosphingolipids,phenotype,lysosphingolipids,Lysosphingolipids,C1451163,['T109'],['Organic Chemical'],39628618,disease_phenotype_positive,2
1251,lysosphingomyelin-509,phenotype,lysosphingomyelin-509,,,[],[],36279795,disease_phenotype_positive,2
1252,m1 polarization,,m1 polarization,,,[],[],,,
1253,macrophage efferocytosis,biological_process,macrophage efferocytosis,,,[],[],39547438,phenotype_protein,2
1254,maintain ci-mpr normal level,,maintain ci-mpr normal level,,,[],[],,,
1255,maintain normal lipid metabolism,biological_process,maintain normal lipid metabolism,,,[],[],36182715,drug_bioprocess,2
1256,malt1 loss-of-function phenotypes,,malt1 loss-of-function phenotypes,,,[],[],,,
1257,mannose-6- phosphate,molecular_function,mannose-6- phosphate,mannose-6-phosphate,C0065688,"['T109', 'T123']","['Organic Chemical', 'Biologically Active Substance']",37890669,molfunc_protein,1
1258,mannose-6- phosphate modification,biological_process,mannose-6- phosphate modification,,,[],[],37890669,bioprocess_protein,2
1259,mannose-6-phosphate,drug,mannose-6-phosphate,mannose-6-phosphate,C0065688,"['T109', 'T123']","['Organic Chemical', 'Biologically Active Substance']",36265126,drug_bioprocess|drug_drug,1
1260,massive accumulation of cholesterol within cells,phenotype,massive accumulation of cholesterol within cells,,,[],[],37602789,disease_phenotype_positive,2
1261,massive increase in autophagosomes,phenotype,massive increase in autophagosomes,,,[],[],34720883,phenotype_protein,1
1262,maturational timing,phenotype,maturational timing,Mature wine glasses per W:Num:Pt:^Patient:Qn,C5939299,['T201'],['Clinical Attribute'],35245460,exposure_phenotype,2
1263,mature lymphocyte depletion,phenotype,mature lymphocyte depletion,,,[],[],37369603,phenotype_phenotype,1
1264,mature neuronal cells,anatomy,mature neuronal cells,,,[],[],34377675,pathology_anatomy_present,2
1265,mature oligodendrocytes,anatomy,mature oligodendrocytes,OLMALINC gene,C3470628,['T028'],['Gene or Genome'],36455410,drug_effect,2
1266,mcf-7 cell proliferation,,mcf-7 cell proliferation,,,[],[],,,
1267,mcf7,,mcf7,MCF-7 Cells,C0596890,['T025'],['Cell'],,,
1268,medial golgi,,medial golgi,Medial Golgi,C1513046,['T026'],['Cell Component'],,,
1269,medial temporal lobe atrophy,,medial temporal lobe atrophy,,,[],[],,,
1270,medications,drug,medications,Medications,C4284232,['T121'],['Pharmacologic Substance'],36325261,drug_effect,1
1271,membranous cytoplasmic bodies,pathology,membranous cytoplasmic bodies,"Cytoplasmic bodies, 80 nm to 100 nm, with electron-dense membrane, within keratinocytes of perilesional skin",C3550956,['T033'],['Finding'],34377675,pathology_anatomy_present,1
1272,memory loss,phenotype,memory loss,Memory Loss,C0751295,['T184'],['Sign or Symptom'],37210540,disease_phenotype_positive,2
1273,menstrual blood-derived endometrial stem cells,,menstrual blood-derived endometrial stem cells,,,[],[],,,
1274,mesenchymal stromal cell-derived extracellular vesicles,,mesenchymal stromal cell-derived extracellular vesicles,,,[],[],,,
1275,metabolic alterations,phenotype,metabolic alterations,Tryptophan Metabolism Alterations,C0041254,['T046'],['Pathologic Function'],39452896,disease_phenotype_positive,2
1276,metabolic changes,phenotype,metabolic changes,Metabolic changes,C4718639,['T033'],['Finding'],39706535,pathology_phenotype,2
1277,metabolic collapse,phenotype,metabolic collapse,,,[],[],38821960,pathology_phenotype,2
1278,metabolic disorder,phenotype,metabolic disorder,Metabolic Diseases,C0025517,['T047'],['Disease or Syndrome'],37458497,disease_phenotype_positive,2
1279,metabolic disorders,phenotype,metabolic disorders,Metabolic Diseases,C0025517,['T047'],['Disease or Syndrome'],34303826,disease_phenotype_positive|phenotype_phenotype,1|2
1280,metabolic irregularities,phenotype,metabolic irregularities,,,[],[],39452896,disease_phenotype_positive,2
1281,metabolic phenotype,phenotype,metabolic phenotype,Drug Metabolism Phenotype,C5984858,['T032'],['Organism Attribute'],39706535,drug_effect,2
1282,metabolite characteristics,phenotype,metabolite characteristics,,,[],[],39452896,disease_phenotype_positive,2
1283,metabolize cholesterol overload,biological_process,metabolize cholesterol overload,,,[],[],37429811,exposure_bioprocess,2
1284,mgats,,mgats,MGAT1 gene,C1417133,['T028'],['Gene or Genome'],,,
1285,mglur-ltd,,mglur-ltd,,,[],[],,,
1286,mglur5,,mglur5,GRM5 gene,C1333712,['T028'],['Gene or Genome'],,,
1287,mglur5 alterations,,mglur5 alterations,,,[],[],,,
1288,mglur5 at plasma membrane,,mglur5 at plasma membrane,,,[],[],,,
1289,mglur5 distribution,,mglur5 distribution,,,[],[],,,
1290,microcephaly features,phenotype,microcephaly features,ZAKI SYNDROME,C5562037,['T047'],['Disease or Syndrome'],38549495,phenotype_phenotype,2
1291,microglia,anatomy,microglia,Microglia,C0206116,['T025'],['Cell'],34851695|37454976,anatomy_disease|anatomy_protein_present,1
1292,microglia ameboid form,phenotype,microglia ameboid form,,,[],[],39366931,disease_phenotype_positive|phenotype_protein,2
1293,microglia gastrosome expansion,phenotype | protein/gene,microglia gastrosome expansion,,,[],[],39366931,disease_phenotype_positive|phenotype_protein,2
1294,microglia-directed immunotherapeutic,,microglia-directed immunotherapeutic,,,[],[],,,
1295,microglial function,biological_process,microglial function,,,[],[],39173891,bioprocess_protein|drug_effect,1|2
1296,microglial homeostasis,phenotype,microglial homeostasis,,,[],[],34851695,phenotype_protein,1
1297,microglial hyperactivity,,microglial hyperactivity,,,[],[],,,
1298,microgliosis,phenotype,microgliosis,Microgliosis,C3686874,['T046'],['Pathologic Function'],34720883|34944681|36322609,disease_phenotype_positive|phenotype_protein,1|2
1299,microtubule motor protein,molecular_function,microtubule motor protein,"klp9 protein, S pombe",C5565485,"['T116', 'T123']","['Amino Acid, Peptide, or Protein', 'Biologically Active Substance']",36861884,molfunc_protein,1
1300,mild neutrophilia.,phenotype,mild neutrophilia.,,,[],[],35007562,phenotype_protein,1
1301,"mild, intermediate, and severe clinical forms",phenotype,"mild, intermediate, and severe clinical forms",,,[],[],38131230,phenotype_phenotype,2
1302,mildly delayed myelination,phenotype,mildly delayed myelination,,,[],[],35016719,disease_phenotype_positive,2
1303,misfolded protein,phenotype,misfolded protein,misfolded protein binding,C1655235,['T044'],['Molecular Function'],40215728,phenotype_protein,1|2
1304,mislocalization of lysosomes,,mislocalization of lysosomes,,,[],[],,,
1305,missense change,phenotype,missense change,,,[],[],35192242,phenotype_protein,1
1306,missing adhesio interthalamica,phenotype,missing adhesio interthalamica,,,[],[],37612148,disease_phenotype_positive,2
1307,mitigate dna damage,,mitigate dna damage,,,[],[],,,
1308,mitigate the activation of glial cells,phenotype,mitigate the activation of glial cells,,,[],[],40877976,drug_effect,2
1309,mitochondria,cellular_component,mitochondria,Mitochondria,C0026237,['T026'],['Cell Component'],38302739,cellcomp_bioprocess,1
1310,mitochondrial ca2+ cytotoxicity,,mitochondrial ca2+ cytotoxicity,,,[],[],,,
1311,mitochondrial cholesterol accumulation,pathology | phenotype,mitochondrial cholesterol accumulation,,,[],[],34175669|39706535,pathology_phenotype|phenotype_protein,1|2
1312,mitochondrial cytotoxicity,phenotype,mitochondrial cytotoxicity,,,[],[],34580197,disease_phenotype_positive,2
1313,mitochondrial damage,,mitochondrial damage,Mitochondrial toxicity,C1096176,['T046'],['Pathologic Function'],,,
1314,mitochondrial dysfunction,phenotype,mitochondrial dysfunction,Mitochondrial Dysfunction,C4021734,['T047'],['Disease or Syndrome'],34592985|35159316|37047194|38550777|38821960|40243519,disease_disease|disease_phenotype_positive|drug_effect|phenotype_protein,1|2
1315,mitochondrial dyshomeostasis,phenotype,mitochondrial dyshomeostasis,,,[],[],39202426,disease_phenotype_positive,2
1316,mitochondrial function,biological_process | phenotype,mitochondrial function,mitochondrial proliferation function,C5574978,['T043'],['Cell Function'],36447062|36722045|39747180,bioprocess_protein|phenotype_protein,1
1317,mitochondrial functions,biological_process,mitochondrial functions,mitochondrial proliferation function,C5574978,['T043'],['Cell Function'],38550777,bioprocess_protein,2
1318,mitochondrial insufficiency,phenotype,mitochondrial insufficiency,,,[],[],38302739,disease_phenotype_positive,2
1319,mitochondrial metabolism,biological_process,mitochondrial metabolism,Mitochondrial metabolism defect,C3874952,['T047'],['Disease or Syndrome'],39706535,bioprocess_protein|drug_bioprocess,1|2
1320,mitochondrial oxidative stress,,mitochondrial oxidative stress,Mitochondrial oxidative stress,C4540229,['T033'],['Finding'],,,
1321,mitochondrial-lysosomal contacts,cellular_component,mitochondrial-lysosomal contacts,,,[],[],39747180,cellcomp_protein,1
1322,mitocondrial differentially expressed proteins,protein/gene,mitocondrial differentially expressed proteins,,,[],[],34440927,cellcomp_protein|phenotype_protein,2
1323,mitophagy pathway,pathway,mitophagy pathway,,,[],[],37958627,disease_pathway,2
1324,mld and ctd,,mld and ctd,,,[],[],,,
1325,mo56-hydroxycholesterol,GRAS/Excipient/prodrug,mo56-hydroxycholesterol,,,[],[],39207850,exposure_protein,1
1326,mood disorder,disease,mood disorder,Mood Disorders,C0525045,['T048'],['Mental or Behavioral Dysfunction'],41277897,disease_disease,2
1327,mood symptoms,phenotype,mood symptoms,mood symptoms,C2232697,['T184'],['Sign or Symptom'],38581830,disease_phenotype_positive,2
1328,mood-stabilizing,phenotype,mood-stabilizing,mood stabilizing drug,C1276998,['T121'],['Pharmacologic Substance'],39607035,drug_effect,2
1329,more severe npc1 phenotype,,more severe npc1 phenotype,,,[],[],,,
1330,morphological changes in microglia,,morphological changes in microglia,,,[],[],,,
1331,morphological defects,phenotype,morphological defects,Congenital septal defect of heart,C0018816,['T019'],['Congenital Abnormality'],39340823,disease_phenotype_positive,2
1332,motor decline,phenotype,motor decline,,,[],[],40306479,disease_phenotype_positive,2
1333,motor deficits,phenotype,motor deficits,Motor dysfunction,C5979810,['T033'],['Finding'],38131307|40436106,disease_phenotype_positive|phenotype_protein,1|2
1334,motor disorders,phenotype,motor disorders,Motor Disorders,C0221163,['T047'],['Disease or Syndrome'],38087834,disease_phenotype_positive,2
1335,motor dysfunction,phenotype,motor dysfunction,Motor dysfunction,C5979810,['T033'],['Finding'],38253667,disease_phenotype_positive,2
1336,motor impairment,phenotype,motor impairment,Motor impairment,C5436522,['T033'],['Finding'],37740198,disease_phenotype_positive,2
1337,motor impairments,phenotype,motor impairments,Motor impairment,C5436522,['T033'],['Finding'],40003936,disease_phenotype_positive,2
1338,motor neurons,anatomy,motor neurons,Motor Neurons,C0026609,['T025'],['Cell'],37815467,pathology_anatomy_present,2
1339,movement disorders,phenotype,movement disorders,Movement Disorders,C0026650,['T047'],['Disease or Syndrome'],34526163|35853348|36199263|36338825|38804481,disease_phenotype_positive|phenotype_phenotype,1|2
1340,movement dyscoordination,phenotype,movement dyscoordination,,,[],[],36064725,disease_phenotype_positive,2
1341,movenment disorders,,movenment disorders,,,[],[],,,
1342,mstrg.13285.1,,mstrg.13285.1,,,[],[],,,
1343,mstrg.20510.2,,mstrg.20510.2,,,[],[],,,
1344,mtor signaling,,mtor signaling,mTOR Signaling Pathway BioCarta,C1515673,['T044'],['Molecular Function'],,,
1345,mtorc1,,mtorc1,mTORC1 assembly,C4326037,['T044'],['Molecular Function'],,,
1346,multi-organ dysfunction,phenotype,multi-organ dysfunction,systemic inflammatory response syndrome (SIRS) due to infectious process with multi-organ dysfunction,C2039679,['T047'],['Disease or Syndrome'],36638187,disease_phenotype_positive,2
1347,multi-systemic manifestations,phenotype,multi-systemic manifestations,,,[],[],36719165,disease_phenotype_positive,2
1348,multiple autoantibodies,phenotype,multiple autoantibodies,Multiple autoantibodies,C1855872,['T033'],['Finding'],35360843,phenotype_phenotype,1
1349,multiple lipid species accumulate,phenotype,multiple lipid species accumulate,,,[],[],34418116,phenotype_protein,1
1350,multiple sphingolipids,phenotype,multiple sphingolipids,,,[],[],40869913,disease_phenotype_positive,2
1351,multisystem organ failure,phenotype,multisystem organ failure,Multiple Organ Failure,C0026766,['T047'],['Disease or Syndrome'],34455703,disease_phenotype_positive,2
1352,mycobacterial cell wall lipids,exposure,mycobacterial cell wall lipids,,,[],[],36085278,exposure_protein,1
1353,myelin debris,molecular_function,myelin debris,,,[],[],34851695,molfunc_protein,1
1354,myeloid cells,anatomy,myeloid cells,Myeloid Cells,C0887899,['T025'],['Cell'],34851695,anatomy_protein_present,1
1355,myeloid npc1,,myeloid npc1,,,[],[],,,
1356,myeloid npc1 deletion,,myeloid npc1 deletion,,,[],[],,,
1357,"n-(3β,5α,6β-trihydroxy-cholan-24-oyl) glycine",,"n-(3β,5α,6β-trihydroxy-cholan-24-oyl) glycine",,,[],[],,,
1358,n-acetyl l-leucine,,n-acetyl l-leucine,levacetylleucine,C4547971,"['T116', 'T121']","['Amino Acid, Peptide, or Protein', 'Pharmacologic Substance']",,,
1359,n-acetyl-l-leucine,,n-acetyl-l-leucine,levacetylleucine,C4547971,"['T116', 'T121']","['Amino Acid, Peptide, or Protein', 'Pharmacologic Substance']",,,
1360,n-acetyl-leucine,,n-acetyl-leucine,N-acetyl-leucine-methylamide,C1527738,['T116'],"['Amino Acid, Peptide, or Protein']",,,
1361,n-acetylcysteine,,n-acetylcysteine,acetylcysteine,C0001047,"['T116', 'T121']","['Amino Acid, Peptide, or Protein', 'Pharmacologic Substance']",,,
1362,n-acyl sphingosine amidohydrolase 2,,n-acyl sphingosine amidohydrolase 2,,,[],[],,,
1363,n-alkyl iminosugars,,n-alkyl iminosugars,,,[],[],,,
1364,n-butyldeoxynojirimycin,,n-butyldeoxynojirimycin,miglustat,C1321596,"['T109', 'T121']","['Organic Chemical', 'Pharmacologic Substance']",,,
1365,n-linked glycosylation,,n-linked glycosylation,N-linked Glycosylation,C6016529,['T044'],['Molecular Function'],,,
1366,n-methyl-d-aspartate,,n-methyl-d-aspartate,N-Methyl-D-Aspartate Receptors,C0080093,"['T116', 'T192']","['Amino Acid, Peptide, or Protein', 'Receptor']",,,
1367,n-nonyldeoxynojirimycin,,n-nonyldeoxynojirimycin,N-nonyl-1-deoxynojirimycin,C0674666,"['T109', 'T121']","['Organic Chemical', 'Pharmacologic Substance']",,,
1368,n-palmitoyl-o-phosphocholine-serine,,n-palmitoyl-o-phosphocholine-serine,,,[],[],,,
1369,n-palmitoyl-o-phosphocholineserine,,n-palmitoyl-o-phosphocholineserine,,,[],[],,,
1370,nad precursos supplement,,nad precursos supplement,,,[],[],,,
1371,nanostructural disease,disease,nanostructural disease,,,[],[],34580197,disease_disease,1
1372,nanostructural ion channel clustering disease,disease,nanostructural ion channel clustering disease,,,[],[],37507375,disease_disease,2
1373,nasal bleeding,phenotype,nasal bleeding,Epistaxis,C0014591,['T046'],['Pathologic Function'],36553254,indication,2
1374,ncp1,,ncp1,CNTNAP1 gene,C1332770,['T028'],['Gene or Genome'],,,
1375,ncp2,,ncp2,,,[],[],,,
1376,ncr1p,,ncr1p,,,[],[],,,
1377,negligible capacity to solubilize unesterified cholesterol,phenotype,negligible capacity to solubilize unesterified cholesterol,,,[],[],40847051,drug_effect,2
1378,neimann-pick types a and b,,neimann-pick types a and b,,,[],[],,,
1379,neonatal acute liver failure,,neonatal acute liver failure,,,[],[],,,
1380,neonatal acute liver failure (nalf),,neonatal acute liver failure (nalf),,,[],[],,,
1381,neonatal bone marrow-derived cell transplantation,,neonatal bone marrow-derived cell transplantation,,,[],[],,,
1382,neonatal cholestasis,phenotype,neonatal cholestasis,Cholestasis in newborn,C1112213,['T047'],['Disease or Syndrome'],34303826|34455703|35368683|35455589|36636588|39789920,disease_phenotype_positive|phenotype_phenotype|phenotype_protein,1|2
1383,neonatal liver disease,disease,neonatal liver disease,Neonatal cholestatic liver disease,C1859162,['T033'],['Finding'],35455589,disease_protein,1
1384,nerves,anatomy,nerves,Nerve,C0027740,['T023'],"['Body Part, Organ, or Organ Component']",35016719,anatomy_disease,1
1385,nervous tissues,anatomy,nervous tissues,Nerve Tissue,C0027757,['T024'],['Tissue'],35850050,anatomy_disease,1
1386,neural differentiated cells,anatomy,neural differentiated cells,neural cell differentiation,C2755962,['T040'],['Organism Function'],34830064,anatomy_disease,1
1387,neurite extension failure,phenotype,neurite extension failure,,,[],[],40436106,disease_phenotype_positive,2
1388,neurite outgrowth,phenotype,neurite outgrowth,neurite outgrowth,C3158384,['T043'],['Cell Function'],40436106,drug_effect,2
1389,neuro lament light,protein/gene,neuro lament light,,,[],[],34150357,disease_protein,2
1390,neuro-psychiatric symptoms,phenotype,neuro-psychiatric symptoms,,,[],[],34993563,disease_phenotype_positive,2
1391,neuro-visceral disease,disease,neuro-visceral disease,,,[],[],34993563,disease_disease,1
1392,neuro-visceral lipid storage disease,disease,neuro-visceral lipid storage disease,,,[],[],35455589,disease_disease,2
1393,neurodegenerative cholesterol,disease,neurodegenerative cholesterol,,,[],[],38719150,disease_disease,2
1394,neurodegenerative disease,disease,neurodegenerative disease,Neurodegenerative Disorders,C0524851,['T047'],['Disease or Syndrome'],34290407|34304992|34407999|34535129|34580197|35159129|36638187|37683773|39173891|39628618,disease_disease,1|2
1395,neurodegenerative disorder,disease | phenotype,neurodegenerative disorder,Neurodegenerative Disorders,C0524851,['T047'],['Disease or Syndrome'],34061502|34296265|34377675|34418116|34592985|34802899|35833379|36470574|36482560|37429811|37507375|37620691|38142760|38302739|38533577|38581830|38737295|38895471|39048052|39789920|40014475|40525490,disease_disease|disease_phenotype_positive,1|2
1396,neurodegenerative disorders,disease | phenotype,neurodegenerative disorders,Neurodegenerative Disorders,C0524851,['T047'],['Disease or Syndrome'],37348967|38581830|38821960|40064165,disease_phenotype_positive|pathology_phenotype|phenotype_protein,2
1397,neurodegenerative form,phenotype,neurodegenerative form,,,[],[],34526163,disease_phenotype_positive,2
1398,neurodegenerative lysosomal disease,disease,neurodegenerative lysosomal disease,,,[],[],35696615,disease_disease,1
1399,neurodegenerative lysosomal lipid storage disorder,phenotype,neurodegenerative lysosomal lipid storage disorder,,,[],[],34744838,disease_phenotype_positive,2
1400,neurodegenerative lysosomal storage disease,disease,neurodegenerative lysosomal storage disease,,,[],[],35961091,disease_disease,2
1401,neurodegenerative lysosomal storage disorder,disease | phenotype,neurodegenerative lysosomal storage disorder,,,[],[],34085599|40306479,disease_disease|disease_phenotype_positive,1|2
1402,neurodegenerative phenotypes,phenotype,neurodegenerative phenotypes,,,[],[],37128603,disease_phenotype_positive,2
1403,neurodevelopmental disorders,disease,neurodevelopmental disorders,Neurodevelopmental Disorders,C1535926,['T048'],['Mental or Behavioral Dysfunction'],40003936,disease_phenotype_positive|disease_protein,1|2
1404,neurodevelopmental dynamics,phenotype,neurodevelopmental dynamics,,,[],[],36322609,disease_phenotype_positive,2
1405,neurofibrillary tangle pathology,pathology,neurofibrillary tangle pathology,,,[],[],39502943,disease_phenotype_positive,2
1406,neurofilament light chain,protein/gene,neurofilament light chain,Neurofilament light chain,C5774172,"['T116', 'T123']","['Amino Acid, Peptide, or Protein', 'Biologically Active Substance']",38533577,disease_protein,2
1407,neurogenetic disease,disease,neurogenetic disease,,,[],[],39706535,disease_disease,1
1408,neurologic deterioration,phenotype,neurologic deterioration,Progressive neurologic deterioration,C1854838,['T033'],['Finding'],34455703|35016719,disease_phenotype_positive|drug_effect,2
1409,neurologic failure,phenotype,neurologic failure,"Observe for signs of late complications (e.g., consumption coagulopathy, renal failure, hypothermia, pulmonary edema, hyperkalemia, neurological sequelae, muscle necrosis, and reoccurrence of symptoms after treatment of initial episode)",C0513968,['T058'],['Health Care Activity'],36719165,disease_phenotype_positive,2
1410,neurologic involvement,,neurologic involvement,Neurologic involvement,C3275580,['T033'],['Finding'],,,
1411,neurologic manifestations,phenotype,neurologic manifestations,Neurologic Manifestations,C0027854,['T033'],['Finding'],40513057,disease_phenotype_positive,2
1412,neurologic symptoms,phenotype,neurologic symptoms,Neurologic Symptoms,C0235031,['T184'],['Sign or Symptom'],36199263,disease_phenotype_positive,2
1413,neurological,phenotype,neurological,Neurologic (qualifier value),C0205494,['T080'],['Qualitative Concept'],36608914|37517328,disease_phenotype_positive|phenotype_protein,1|2
1414,neurological characteristics,phenotype,neurological characteristics,,,[],[],38852794,drug_effect,2
1415,neurological damage,phenotype,neurological damage,"Trauma, Nervous System",C0751792,['T037'],['Injury or Poisoning'],34150357,disease_phenotype_positive,2
1416,neurological deficits,phenotype,neurological deficits,Neurologic Deficits,C0521654,['T033'],['Finding'],38826605,disease_phenotype_positive,2
1417,neurological degeneration,phenotype,neurological degeneration,Congenital degeneration of nervous system,C0521555,['T019'],['Congenital Abnormality'],34296265,disease_phenotype_positive,2
1418,neurological delay,phenotype,neurological delay,Neurological delay,C4062897,['T033'],['Finding'],37429811,disease_phenotype_positive,2
1419,neurological deterioration,phenotype,neurological deterioration,Neurological status deterioration,C1536136,['T184'],['Sign or Symptom'],35694196,disease_phenotype_positive,2
1420,neurological disease,disease,neurological disease,nervous system disorder,C0027765,['T047'],['Disease or Syndrome'],34682919,disease_disease,1
1421,neurological disorder,disease,neurological disorder,nervous system disorder,C0027765,['T047'],['Disease or Syndrome'],39202426,disease_disease,2
1422,neurological disorders,disease | phenotype,neurological disorders,nervous system disorder,C0027765,['T047'],['Disease or Syndrome'],35140266|35452076|38581830,disease_phenotype_positive|indication|phenotype_protein,2
1423,neurological dysfunction,phenotype,neurological dysfunction,Neurological Deficit or Dysfunction,C1709219,['T033'],['Finding'],40436106,drug_effect,2
1424,neurological impairment,phenotype,neurological impairment,Neurologic Deficits,C0521654,['T033'],['Finding'],36553254,disease_phenotype_positive,2
1425,neurological impairments,phenotype,neurological impairments,Neurologic Deficits,C0521654,['T033'],['Finding'],40306479,disease_phenotype_positive,2
1426,neurological involvement,phenotype | protein/gene,neurological involvement,Syphilis neurological involvement,C4283760,['T033'],['Finding'],34682919|40504793,disease_phenotype_positive|disease_protein|phenotype_phenotype,2
1427,neurological manifestation prevention,phenotype,neurological manifestation prevention,,,[],[],38804481,drug_effect,2
1428,neurological manifestations,phenotype,neurological manifestations,Neurologic Manifestations,C0027854,['T033'],['Finding'],35164809|36243834|36325261|38087834,disease_phenotype_positive|phenotype_phenotype,1|2
1429,neurological non-enzymatic disorders,disease,neurological non-enzymatic disorders,,,[],[],35833379,disease_disease,2
1430,neurological pathology,pathology | phenotype,neurological pathology,"Neurology (dementia), beta amyloid (Aβ40, Aβ42, Aβ42/40 ratio), tau-protein phosphorylated at residue (eg, pTau217), neurofilament light chain (NfL), and glial fibrillary acidic protein (GFAP), by ultra-high sensitivity molecule array detection, plasma, algorithm reported as positive, intermediate, or negative for Alzheimer pathology",C6023545,['T059'],['Laboratory Procedure'],37371089|37373322,disease_pathology|disease_phenotype_positive,2
1431,neurological regression,phenotype,neurological regression,Wright Dyck syndrome,C2931309,['T047'],['Disease or Syndrome'],40898442,disease_phenotype_positive,2
1432,neurological symptoms,phenotype,neurological symptoms,Neurologic Symptoms,C0235031,['T184'],['Sign or Symptom'],34303826|34304992|34744838|34830064|35487270|36056366|36243834|36455410|37210540|37480097,disease_phenotype_positive,2
1433,neurometabolic disorders,disease,neurometabolic disorders,Disorder of neurometabolic regulation,C0271884,['T047'],['Disease or Syndrome'],35833379,disease_disease,2
1434,neuron proliferation,phenotype,neuron proliferation,deep nuclear neuron precursor proliferation,C1818499,['T043'],['Cell Function'],36322609,disease_phenotype_positive,2
1435,neuron-specific enolase,protein/gene,neuron-specific enolase,Neuron specific enolase measurement,C0202144,['T059'],['Laboratory Procedure'],39688135,disease_protein|phenotype_protein,1|2
1436,neuronal apoptosis,phenotype,neuronal apoptosis,neuronal apoptosis inhibitory protein,C0292991,"['T116', 'T123']","['Amino Acid, Peptide, or Protein', 'Biologically Active Substance']",35086560,disease_phenotype_positive|phenotype_phenotype,1|2
1437,neuronal cell bodies,cellular_component,neuronal cell bodies,ensheathment of neuronal cell bodies,C1819201,['T043'],['Cell Function'],36482560,cellcomp_protein,2
1438,neuronal ceroid lipofuscinoses type 3,,neuronal ceroid lipofuscinoses type 3,,,[],[],,,
1439,neuronal cholesterol turnover,biological_process,neuronal cholesterol turnover,,,[],[],40701909,drug_bioprocess,2
1440,neuronal damage,phenotype,neuronal damage,damage-induced neuronal endopeptidase,C0914118,"['T116', 'T126']","['Amino Acid, Peptide, or Protein', 'Enzyme']",39688135,phenotype_protein,1
1441,neuronal death,phenotype,neuronal death,neuronal cell death inducible putative kinase,C0767709,"['T116', 'T126']","['Amino Acid, Peptide, or Protein', 'Enzyme']",37815467|38253667|39202426,disease_phenotype_positive|pathology_phenotype|pathway_phenotype|phenotype_protein,2
1442,neuronal degeneration,pathology | phenotype,neuronal degeneration,Neuronal degeneration,C3670500,['T033'],['Finding'],38533577|40436106,disease_pathology|disease_phenotype_positive,2
1443,neuronal excitability,phenotype,neuronal excitability,Neuronal excitation,C0234073,['T039'],['Physiologic Function'],34744838,disease_phenotype_positive,2
1444,neuronal injury,phenotype,neuronal injury,,,[],[],38581830,phenotype_protein,2
1445,neuronal loss,phenotype,neuronal loss,Neuronal loss in central nervous system,C1850496,['T033'],['Finding'],40436106,phenotype_protein,1
1446,neuronal membranes,anatomy,neuronal membranes,neuron projection membrane,C2245789,['T026'],['Cell Component'],40869913,anatomy_disease,2
1447,neuronal network formation,biological_process,neuronal network formation,,,[],[],34377675,bioprocess_disease,1
1448,neuronal processes,cellular_component,neuronal processes,Polyglucosan bodies (round intracellular inclusions) found in neuronal and astrocytic processes,C1849725,['T033'],['Finding'],34948052,cellcomp_protein,1
1449,neurons,anatomy,neurons,Neurons,C0027882,['T025'],['Cell'],35554935|37517328|39891227,anatomy_protein_present,1|2
1450,neuropathology,pathology,neuropathology,Neuropathology,C0876934,['T091'],['Biomedical Occupation or Discipline'],40333988,,1
1451,neuroprotective,biological_process,neuroprotective,Neuroprotective Agents,C0242912,['T121'],['Pharmacologic Substance'],37248494,exposure_bioprocess,2
1452,neuroprotective factor production,biological_process,neuroprotective factor production,,,[],[],40737317,bioprocess_protein,2
1453,neuropsychiatric diseases,disease,neuropsychiatric diseases,Tuberous sclerosis complex associated neuropsychiatric disease,C5208166,['T047'],['Disease or Syndrome'],37367064,disease_protein,2
1454,neuropsychiatric issues,phenotype,neuropsychiatric issues,,,[],[],39789920,disease_phenotype_positive,2
1455,neuropsychiatric manifestations,phenotype,neuropsychiatric manifestations,,,[],[],39607035,disease_phenotype_positive,2
1456,neuropsychiatric signs,phenotype,neuropsychiatric signs,,,[],[],38087834,disease_phenotype_positive,2
1457,neuropsychiatric symptoms,phenotype,neuropsychiatric symptoms,Behavioral and psychological symptoms of dementia,C4285807,['T184'],['Sign or Symptom'],41277897,disease_phenotype_positive,2
1458,neurotinib,,neurotinib,,,[],[],,,
1459,neurotoxic elevations,phenotype,neurotoxic elevations,,,[],[],37507375,pathology_phenotype,2
1460,neurotoxicity,phenotype,neurotoxicity,Neurotoxicity Syndromes,C0235032,['T037'],['Injury or Poisoning'],37507375,pathology_phenotype|phenotype_phenotype,2
1461,neurovisceral disease,disease,neurovisceral disease,"Niemann-Pick Disease, Intermediate, Protracted Neurovisceral",C2675646,['T047'],['Disease or Syndrome'],34830064,disease_disease,1
1462,neurovisceral lipid storage,,neurovisceral lipid storage,,,[],[],,,
1463,neurovisceral lipid storage disease,disease,neurovisceral lipid storage disease,,,[],[],34944681,disease_disease,1
1464,neurovisceral lipid storage disorder,phenotype,neurovisceral lipid storage disorder,,,[],[],34061502,disease_phenotype_positive,2
1465,neurovisceral lysosomal lipid storage disorder,disease,neurovisceral lysosomal lipid storage disorder,,,[],[],36199263,disease_disease,2
1466,neurovisceral manifestations,phenotype,neurovisceral manifestations,,,[],[],35164809,disease_phenotype_positive,2
1467,neurovisceral symptoms,phenotype,neurovisceral symptoms,,,[],[],34364974|36325261|40565243,disease_phenotype_positive,2
1468,neutralizing antibodies,protein/gene,neutralizing antibodies,"Antibodies, Neutralizing",C0475463,"['T116', 'T129']","['Amino Acid, Peptide, or Protein', 'Immunologic Factor']",40014475,bioprocess_protein|drug_protein|exposure_protein,2
1469,nf-l,,nf-l,"NEFL protein, human",C1455438,"['T116', 'T123']","['Amino Acid, Peptide, or Protein', 'Biologically Active Substance']",,,
1470,ngbr,,ngbr,NUS1 gene,C1826501,['T028'],['Gene or Genome'],,,
1471,"nieman-pick disease, type c1",,"nieman-pick disease, type c1",,,[],[],,,
1472,"nieman-pick disease, type c2",,"nieman-pick disease, type c2",,,[],[],,,
1473,"nieman-pick disease, type c3",,"nieman-pick disease, type c3",,,[],[],,,
1474,nieman-­pick disease type c,,nieman-­pick disease type c,,,[],[],,,
1475,niemann pick disease type c,,niemann pick disease type c,"Niemann-Pick Disease, Type C",C0220756,['T047'],['Disease or Syndrome'],,,
1476,niemann pick disease type c (npc),,niemann pick disease type c (npc),,,[],[],,,
1477,niemann pick disease type c2,,niemann pick disease type c2,"NIEMANN-PICK DISEASE, TYPE C2",C1843366,['T047'],['Disease or Syndrome'],,,
1478,niemann pick type c,,niemann pick type c,"Niemann-Pick Disease, Type C",C0220756,['T047'],['Disease or Syndrome'],,,
1479,niemann pick type c (npc) disease,,niemann pick type c (npc) disease,,,[],[],,,
1480,niemann pick type c disease,,niemann pick type c disease,"Niemann-Pick Disease, Type C",C0220756,['T047'],['Disease or Syndrome'],,,
1481,niemann- pick disease type c1,,niemann- pick disease type c1,"Niemann-Pick Disease, Type C1",C3179455,['T047'],['Disease or Syndrome'],,,
1482,niemann-pick c disease,,niemann-pick c disease,"Niemann-Pick Disease, Type C",C0220756,['T047'],['Disease or Syndrome'],,,
1483,niemann-pick class 1 (npc1) disease,,niemann-pick class 1 (npc1) disease,,,[],[],,,
1484,niemann-pick disease type a,,niemann-pick disease type a,"Niemann-Pick Disease, Type A",C0268242,['T047'],['Disease or Syndrome'],,,
1485,niemann-pick disease type b,,niemann-pick disease type b,"Niemann-Pick Disease, Type B",C0268243,['T047'],['Disease or Syndrome'],,,
1486,niemann-pick disease type c (np-c),,niemann-pick disease type c (np-c),,,[],[],,,
1487,niemann-pick disease type c (npc),,niemann-pick disease type c (npc),,,[],[],,,
1488,niemann-pick disease type c brain,,niemann-pick disease type c brain,,,[],[],,,
1489,niemann-pick disease type c1,,niemann-pick disease type c1,"Niemann-Pick Disease, Type C1",C3179455,['T047'],['Disease or Syndrome'],,,
1490,niemann-pick disease type c1 (npc1),,niemann-pick disease type c1 (npc1),Niemann-Pick Disease Type C1 (NPC1) Gene Mutation Reagents,C2956647,['T130'],"['Indicator, Reagent, or Diagnostic Aid']",,,
1491,niemann-pick disease type c1 protein,,niemann-pick disease type c1 protein,"NPC1 protein, human",C0540824,"['T116', 'T123']","['Amino Acid, Peptide, or Protein', 'Biologically Active Substance']",,,
1492,niemann-pick disease type c2,,niemann-pick disease type c2,"NIEMANN-PICK DISEASE, TYPE C2",C1843366,['T047'],['Disease or Syndrome'],,,
1493,niemann-pick disease type d,,niemann-pick disease type d,"Niemann-Pick Disease, Type D",C0268247,['T047'],['Disease or Syndrome'],,,
1494,niemann-pick disease types a,,niemann-pick disease types a,"Niemann-Pick Disease, Type A",C0268242,['T047'],['Disease or Syndrome'],,,
1495,niemann-pick disease types b,,niemann-pick disease types b,"Niemann-Pick Disease, Type B",C0268243,['T047'],['Disease or Syndrome'],,,
1496,"niemann-pick disease, type c",,"niemann-pick disease, type c","Niemann-Pick Disease, Type C",C0220756,['T047'],['Disease or Syndrome'],,,
1497,"niemann-pick disease, type c1",,"niemann-pick disease, type c1","Niemann-Pick Disease, Type C1",C3179455,['T047'],['Disease or Syndrome'],,,
1498,"niemann-pick disease, type c1 (npc1)",,"niemann-pick disease, type c1 (npc1)",Niemann-Pick Disease Type C1 (NPC1) Gene Mutation Reagents,C2956647,['T130'],"['Indicator, Reagent, or Diagnostic Aid']",,,
1499,niemann-pick type a,,niemann-pick type a,"Niemann-Pick Disease, Type A",C0268242,['T047'],['Disease or Syndrome'],,,
1500,niemann-pick type b,,niemann-pick type b,"Niemann-Pick Disease, Type B",C0268243,['T047'],['Disease or Syndrome'],,,
1501,niemann-pick type c,,niemann-pick type c,"Niemann-Pick Disease, Type C",C0220756,['T047'],['Disease or Syndrome'],,,
1502,niemann-pick type c (np-c),,niemann-pick type c (np-c),,,[],[],,,
1503,niemann-pick type c disease,,niemann-pick type c disease,"Niemann-Pick Disease, Type C",C0220756,['T047'],['Disease or Syndrome'],,,
1504,niemann-pick type c diseases,,niemann-pick type c diseases,"Niemann-Pick Disease, Type C",C0220756,['T047'],['Disease or Syndrome'],,,
1505,niemann-pick type c sterol transfer proteins,,niemann-pick type c sterol transfer proteins,,,[],[],,,
1506,niemann-pick type c1,,niemann-pick type c1,"Niemann-Pick Disease, Type C1",C3179455,['T047'],['Disease or Syndrome'],,,
1507,niemann-pick type c1 disease,,niemann-pick type c1 disease,"Niemann-Pick Disease, Type C1",C3179455,['T047'],['Disease or Syndrome'],,,
1508,niemann-pick type c2,,niemann-pick type c2,"NIEMANN-PICK DISEASE, TYPE C2",C1843366,['T047'],['Disease or Syndrome'],,,
1509,niemann-pick type c2 disease,,niemann-pick type c2 disease,"NIEMANN-PICK DISEASE, TYPE C2",C1843366,['T047'],['Disease or Syndrome'],,,
1510,niemann-pick type-c,,niemann-pick type-c,"Niemann-Pick Disease, Type C",C0220756,['T047'],['Disease or Syndrome'],,,
1511,"niemann-pick, type c1",,"niemann-pick, type c1","Niemann-Pick Disease, Type C1",C3179455,['T047'],['Disease or Syndrome'],,,
1512,niemann-pick-type-c 1,,niemann-pick-type-c 1,,,[],[],,,
1513,niemann‐pick disease,,niemann‐pick disease,"Niemann-Pick Disease, Type A",C0268242,['T047'],['Disease or Syndrome'],,,
1514,niemann‐pick disease type c,,niemann‐pick disease type c,"Niemann-Pick Disease, Type C",C0220756,['T047'],['Disease or Syndrome'],,,
1515,niemann− pick disease type c,,niemann− pick disease type c,"Niemann-Pick Disease, Type C",C0220756,['T047'],['Disease or Syndrome'],,,
1516,nigrostriatal circuit,anatomy,nigrostriatal circuit,,,[],[],40737317,anatomy_disease,1
1517,nitrative stress,phenotype,nitrative stress,Oxidative and Nitrosative Stress,C5392205,['T049'],['Cell or Molecular Dysfunction'],36447062,disease_phenotype_positive|phenotype_protein,1|2
1518,nitrobenzoxadiazole-phospholipids,lipid,nitrobenzoxadiazole-phospholipids,,,[],[],39455279,lipid_protein,1
1519,no significant improvement in lifespan,phenotype,no significant improvement in lifespan,,,[],[],40877976,drug_effect,2
1520,nogo-b receptor,,nogo-b receptor,"Nogo-B receptor, mouse",C1737974,['T192'],['Receptor'],,,
1521,non-lysosomal b-glucosylceramidase,protein/gene,non-lysosomal b-glucosylceramidase,,,[],[],39246358,protein_protein,2
1522,non-selective chloride channel blockers,drug,non-selective chloride channel blockers,,,[],[],38645072,drug_effect,1
1523,nonspecific periventricular hypersignal intensity,phenotype,nonspecific periventricular hypersignal intensity,,,[],[],35016719,disease_phenotype_positive,2
1524,normal lyso-sphingomyelin -509 level,phenotype,normal lyso-sphingomyelin -509 level,,,[],[],38549495,phenotype_phenotype,2
1525,normal plasma oxysterol level,phenotype,normal plasma oxysterol level,,,[],[],38549495,phenotype_phenotype,2
1526,normal urinary bile acid level,phenotype,normal urinary bile acid level,,,[],[],38549495,phenotype_phenotype,2
1527,normalized app c-terminal fragments,,normalized app c-terminal fragments,,,[],[],,,
1528,normalized bace1 levels,,normalized bace1 levels,,,[],[],,,
1529,normalized cholesterol synthesis,,normalized cholesterol synthesis,,,[],[],,,
1530,normalized ganglioside,phenotype,normalized ganglioside,,,[],[],39891227,drug_effect,2
1531,normalized intracellular cholesterol trafficking,cellular_component,normalized intracellular cholesterol trafficking,,,[],[],37620691,drug_effect,2
1532,normalized organ weights,phenotype,normalized organ weights,Normal organ weight,C0544700,['T033'],['Finding'],36614015,drug_effect,2
1533,normalized the level of pro-inflammatory cytokines,phenotype,normalized the level of pro-inflammatory cytokines,,,[],[],35487270,drug_effect,2
1534,normalized total app levels,,normalized total app levels,,,[],[],,,
1535,normalized triglyceride synthesis,,normalized triglyceride synthesis,,,[],[],,,
1536,np-c,,np-c,"NCR1 protein, S cerevisiae",C1506528,"['T116', 'T123']","['Amino Acid, Peptide, or Protein', 'Biologically Active Substance']",,,
1537,npc,,npc,Nasopharyngeal carcinoma,C2931822,['T191'],['Neoplastic Process'],,,
1538,npc 1,,npc 1,NPC1 gene,C1417776,['T028'],['Gene or Genome'],,,
1539,npc 2,,npc 2,NPC2 gene,C1422736,['T028'],['Gene or Genome'],,,
1540,npc cholesterol transporter 1 protein,,npc cholesterol transporter 1 protein,"NPC1 protein, rat",C3493044,"['T116', 'T123']","['Amino Acid, Peptide, or Protein', 'Biologically Active Substance']",,,
1541,npc clinical database,,npc clinical database,,,[],[],,,
1542,npc clinical severity scale,,npc clinical severity scale,,,[],[],,,
1543,npc heterozygous pathogenic variant,,npc heterozygous pathogenic variant,,,[],[],,,
1544,npc lysosomal cholesterol transporters,,npc lysosomal cholesterol transporters,,,[],[],,,
1545,npc manifestations,,npc manifestations,,,[],[],,,
1546,npc phenotype,,npc phenotype,,,[],[],,,
1547,npc phenotypes,,npc phenotypes,,,[],[],,,
1548,npc protein misfolding,,npc protein misfolding,,,[],[],,,
1549,npc proteins,,npc proteins,"TPR protein, human",C1098484,"['T116', 'T123']","['Amino Acid, Peptide, or Protein', 'Biologically Active Substance']",,,
1550,npc severity,,npc severity,,,[],[],,,
1551,npc severity scales,,npc severity scales,,,[],[],,,
1552,npc transport protein,,npc transport protein,"NPC1 protein, rat",C3493044,"['T116', 'T123']","['Amino Acid, Peptide, or Protein', 'Biologically Active Substance']",,,
1553,npc0,,npc0,,,[],[],,,
1554,npc1 cerebellum dysfunction,,npc1 cerebellum dysfunction,,,[],[],,,
1555,npc1 deficiency,,npc1 deficiency,,,[],[],,,
1556,npc1 dysfunction,,npc1 dysfunction,,,[],[],,,
1557,npc1 gene,,npc1 gene,NPC1 gene,C1417776,['T028'],['Gene or Genome'],,,
1558,npc1 inhibitor,,npc1 inhibitor,,,[],[],,,
1559,npc1 knock-in,,npc1 knock-in,,,[],[],,,
1560,npc1 knock-out,,npc1 knock-out,,,[],[],,,
1561,npc1 mutation,,npc1 mutation,NPC1 Gene Mutation Detection Reagents,C3688339,['T130'],"['Indicator, Reagent, or Diagnostic Aid']",,,
1562,npc1 promoter,,npc1 promoter,,,[],[],,,
1563,npc1 protein,,npc1 protein,"NPC1 protein, human",C0540824,"['T116', 'T123']","['Amino Acid, Peptide, or Protein', 'Biologically Active Substance']",,,
1564,npc1-/-:soat1-/-,,npc1-/-:soat1-/-,,,[],[],,,
1565,npc1-like 1,,npc1-like 1,NPC1L1 gene,C1417777,['T028'],['Gene or Genome'],,,
1566,npc1/2,,npc1/2,"NPC1, IVS, 1-BP DEL, A, 3043-2",C1843401,['T028'],['Gene or Genome'],,,
1567,npc1/npc2,,npc1/npc2,NPC1 gene+NPC2 gene,C5382619,['T028'],['Gene or Genome'],,,
1568,npc1a,,npc1a,"Npc1a protein, Drosophila",C1687847,"['T116', 'T123']","['Amino Acid, Peptide, or Protein', 'Biologically Active Substance']",,,
1569,ntd,,ntd,Neural Tube Defects,C0027794,['T019'],['Congenital Abnormality'],,,
1570,nuclear factor of activated t-cells signaling,,nuclear factor of activated t-cells signaling,,,[],[],,,
1571,nutritional prescription,drug,nutritional prescription,Nutritional supplement prescription no charge,C0884386,['T061'],['Therapeutic or Preventive Procedure'],34879185,indication,1
1572,obstructive sleep apnea,phenotype,obstructive sleep apnea,"Sleep Apnea, Obstructive",C0520679,['T047'],['Disease or Syndrome'],36199263,phenotype_phenotype,2
1573,ocular apraxia,phenotype,ocular apraxia,Ocular apraxia,C4693319,['T033'],['Finding'],35696615,disease_phenotype_positive,2
1574,ocular-motor dysfunction,phenotype,ocular-motor dysfunction,,,[],[],34096670,disease_phenotype_positive,2
1575,oculomotor abnormalities,phenotype,oculomotor abnormalities,Abnormal ocular motility,C0497202,['T033'],['Finding'],36640220,disease_phenotype_positive,2
1576,oculomotor deficits,phenotype,oculomotor deficits,,,[],[],36640220,disease_phenotype_positive,2
1577,oculomotor dysfunction,phenotype,oculomotor dysfunction,,,[],[],34086834,bioprocess_protein|disease_phenotype_positive,2
1578,older age at the neurological symptom onset,phenotype,older age at the neurological symptom onset,,,[],[],34993563,phenotype_phenotype,2
1579,oligodendrocyte lineage maturation,biological_process,oligodendrocyte lineage maturation,,,[],[],37407594,bioprocess_phenotype,1
1580,oligodendrocyte progenitor differentiation,biological_process,oligodendrocyte progenitor differentiation,,,[],[],34502342,bioprocess_protein|drug_bioprocess|drug_effect,1|2
1581,oligodendrocytes,anatomy,oligodendrocytes,Swollen oligodendrocytes,C6066716,['T033'],['Finding'],34851695,anatomy_protein_present,1
1582,oncosterone,phenotype,oncosterone,,,[],[],37683773,phenotype_protein,1
1583,oncosterone production,phenotype,oncosterone production,,,[],[],37683773,chemical_effect,2
1584,organ biodistribution,biological_process,organ biodistribution,,,[],[],38852794,drug_bioprocess,2
1585,organomegaly,phenotype,organomegaly,Organomegaly,C4054315,['T033'],['Finding'],34303826,disease_phenotype_positive,2
1586,ormdls,,ormdls,"ORMDL protein, Drosophila",C1142836,['T116'],"['Amino Acid, Peptide, or Protein']",,,
1587,ototoxic effects,phenotype,ototoxic effects,,,[],[],40847051,drug_effect,2
1588,ototoxicity,phenotype,ototoxicity,Ototoxicity,C0235280,['T046'],['Pathologic Function'],36116252|40847051,drug_effect,2
1589,overt dementia,phenotype,overt dementia,,,[],[],40525490,disease_phenotype_positive,2
1590,oxidative stress,phenotype,oxidative stress,Oxidative Stress,C0242606,['T049'],['Cell or Molecular Dysfunction'],40869913,disease_phenotype_positive,2
1591,oxidative stress regulation,biological_process,oxidative stress regulation,Positive Regulation of Oxidative Stress Process,C1518761,['T049'],['Cell or Molecular Dysfunction'],34810067,bioprocess_disease,1
1592,oxidative stress-mediated cell death,phenotype,oxidative stress-mediated cell death,,,[],[],34175669,phenotype_protein,2
1593,oxylipins,molecular_function,oxylipins,Oxylipins,C1956100,['T109'],['Organic Chemical'],40306479,molfunc_molfunc,2
1594,oxysterol,phenotype,oxysterol,Oxysterols,C4277571,"['T109', 'T123']","['Organic Chemical', 'Biologically Active Substance']",39628618,disease_phenotype_positive,2
1595,oxysterol-binding protein,protein/gene,oxysterol-binding protein,Oxysterol Binding Proteins,C0069838,"['T116', 'T192']","['Amino Acid, Peptide, or Protein', 'Receptor']",40333988,protein_protein,1|2
1596,oxysterols,biological_process | drug | phenotype,oxysterols,Oxysterols,C4277571,"['T109', 'T123']","['Organic Chemical', 'Biologically Active Substance']",34150357|34810067|39959107|41274250,bioprocess_disease|disease_phenotype_positive|drug_drug|drug_protein,1|2
1597,oxytosis,phenotype,oxytosis,Oxytosis,C5200701,['T043'],['Cell Function'],40243519,disease_pathway,2
1598,p.(val1165met),,p.(val1165met),,,[],[],,,
1599,p.a927v,,p.a927v,,,[],[],,,
1600,p.arg934ter,,p.arg934ter,,,[],[],,,
1601,p.c113y,,p.c113y,,,[],[],,,
1602,p.c113y/p.a927v,,p.c113y/p.a927v,,,[],[],,,
1603,p.g992r,,p.g992r,,,[],[],,,
1604,p.g992w,,p.g992w,,,[],[],,,
1605,p.ile1061thr,,p.ile1061thr,,,[],[],,,
1606,p.lle1061thr protein,,p.lle1061thr protein,,,[],[],,,
1607,p.pro471leu,,p.pro471leu,,,[],[],,,
1608,p.pro543leu,,p.pro543leu,,,[],[],,,
1609,p.v1023sfs*15/p.g992r,,p.v1023sfs*15/p.g992r,,,[],[],,,
1610,p.v845cfs*24,,p.v845cfs*24,,,[],[],,,
1611,p2x purinerigic receptor 4,,p2x purinerigic receptor 4,,,[],[],,,
1612,p62,protein/gene,p62,SQSTM1 gene,C1420393,['T028'],['Gene or Genome'],38719150,protein_protein,2
1613,p62/sqstm1− keap1,,p62/sqstm1− keap1,,,[],[],,,
1614,p62/sqstm1− nrf2 axis,,p62/sqstm1− nrf2 axis,,,[],[],,,
1615,p691s,,p691s,,,[],[],,,
1616,pac-modified cholesterol,lipid,pac-modified cholesterol,,,[],[],39455279,lipid_protein,1
1617,pac-sphingosine,lipid,pac-sphingosine,,,[],[],39455279,lipid_protein,1
1618,pale,phenotype,pale,Pale color,C0554991,['T080'],['Qualitative Concept'],38826605,disease_phenotype_positive,2
1619,palmitoyl-protein thioesterase-1,protein/gene,palmitoyl-protein thioesterase-1,palmitoyl-protein thioesterase 1,C0917464,"['T116', 'T126']","['Amino Acid, Peptide, or Protein', 'Enzyme']",40333988,protein_protein,1
1620,parkin,protein/gene,parkin,PRKN gene,C1418270,['T028'],['Gene or Genome'],35159316,phenotype_protein,1
1621,parkinson's disease,,parkinson's disease,Parkinson Disease,C0030567,['T047'],['Disease or Syndrome'],,,
1622,parkinson's disease etiology,,parkinson's disease etiology,,,[],[],,,
1623,parkinson’s disease,,parkinson’s disease,,,[],[],,,
1624,partially fragmented vacuoles,phenotype,partially fragmented vacuoles,,,[],[],37908116,bioprocess_phenotype|phenotype_phenotype,2
1625,partially relieved bafilomycin a1 inhibition of hiv-1,,partially relieved bafilomycin a1 inhibition of hiv-1,,,[],[],,,
1626,pathogenic mycobacteria,,pathogenic mycobacteria,,,[],[],,,
1627,pathological accumulation of cholesterol,phenotype,pathological accumulation of cholesterol,,,[],[],36861884,disease_phenotype_positive,2
1628,pathological changes in kidneys,phenotype,pathological changes in kidneys,,,[],[],38087834,phenotype_protein,1
1629,pathways of liver damage,pathway,pathways of liver damage,,,[],[],34440927,pathway_protein,1
1630,patien-dependent manner,phenotype,patien-dependent manner,,,[],[],40565243,drug_effect,2
1631,patient survival,phenotype,patient survival,patient involved in water survival training at time of event,C2728384,['T033'],['Finding'],41013744,phenotype_protein,2
1632,pdgf-aa,,pdgf-aa,PDGF AA,C0210108,"['T116', 'T123']","['Amino Acid, Peptide, or Protein', 'Biologically Active Substance']",,,
1633,pdgf-α,,pdgf-α,,,[],[],,,
1634,percentage time immobile,,percentage time immobile,,,[],[],,,
1635,perforin,protein/gene,perforin,perforin,C0070410,"['T116', 'T123']","['Amino Acid, Peptide, or Protein', 'Biologically Active Substance']",35081253,cellcomp_protein|drug_effect,2
1636,peripheral cells,anatomy,peripheral cells,Peripheral Blood Stem Cells,C1518999,['T025'],['Cell'],35554935,anatomy_disease,1
1637,peripheral inflammation,phenotype,peripheral inflammation,"Focal chorioretinal inflammation, peripheral",C2880693,['T047'],['Disease or Syndrome'],34944681,disease_phenotype_positive,2
1638,peripheral manifestations,phenotype,peripheral manifestations,"Monitor for cardiovascular manifestations of hypernatremia (e.g., orthostatic hypotension, flushed skin, peripheral and pulmonary edema, mild elevations in body temperature, tachycardia, flat neck veins)",C4710884,['T058'],['Health Care Activity'],38852794,drug_effect,2
1639,peripheral organ dysfunction,phenotype,peripheral organ dysfunction,,,[],[],40215728,disease_phenotype_positive,2
1640,permeability,phenotype,permeability,Permeability,C0031164,['T070'],['Natural Phenomenon or Process'],36431844,drug_effect,2
1641,peroxisomal proliferation,biological_process,peroxisomal proliferation,Peroxisome Proliferators,C0600434,['T131'],['Hazardous or Poisonous Substance'],34502342,drug_bioprocess,2
1642,peroxisome proliferator-activated receptor-γ,protein/gene,peroxisome proliferator-activated receptor-γ,,,[],[],34502342,bioprocess_protein|drug_protein|phenotype_protein,2
1643,ph-sensitive switch,,ph-sensitive switch,,,[],[],,,
1644,phagocytic stress,phenotype,phagocytic stress,,,[],[],34851695,anatomy_disease,2
1645,pharmacological chaperones,,pharmacological chaperones,Pharmacological Chaperone,C2828102,['T120'],['Chemical Viewed Functionally'],,,
1646,phenotypic scoring metrics,phenotype,phenotypic scoring metrics,,,[],[],35563467,phenotype_protein,2
1647,phenotypic severity,phenotype,phenotypic severity,Phenotypic Variation,C1837514,['T033'],['Finding'],38673803,phenotype_protein,1
1648,phosphatase and tensin homolog deleted on chromosome 10 gene (pten-chet),,phosphatase and tensin homolog deleted on chromosome 10 gene (pten-chet),,,[],[],,,
1649,phosphatidylcholine,lipid,phosphatidylcholine,Phosphatidylcholines,C1959616,"['T109', 'T121', 'T123']","['Organic Chemical', 'Pharmacologic Substance', 'Biologically Active Substance']",39455279,lipid_protein,1
1650,phosphatidylcholines,phenotype,phosphatidylcholines,Phosphatidylcholines,C1959616,"['T109', 'T121', 'T123']","['Organic Chemical', 'Pharmacologic Substance', 'Biologically Active Substance']",34810067,disease_phenotype_negative,2
1651,phosphatidylethanolamines,phenotype,phosphatidylethanolamines,phosphatidylethanolamines,C0031618,"['T109', 'T123']","['Organic Chemical', 'Biologically Active Substance']",34810067,disease_phenotype_negative,2
1652,phosphatidylinositol,,phosphatidylinositol,phosphatidylinositols,C0031621,"['T109', 'T123']","['Organic Chemical', 'Biologically Active Substance']",,,
1653,phosphatidylserine,lipid,phosphatidylserine,phosphatidylserine,C0301704,['T109'],['Organic Chemical'],39455279,lipid_protein,1
1654,phospholipidosis,phenotype,phospholipidosis,Phospholipidosis,C3805040,['T047'],['Disease or Syndrome'],36325261,drug_effect,2
1655,phosphorylated tau,protein/gene,phosphorylated tau,"Tau protein, phosphorylated 181",C3533149,"['T116', 'T123']","['Amino Acid, Peptide, or Protein', 'Biologically Active Substance']",34150357,disease_protein,2
1656,phosphorylated tfeb at tyr173,,phosphorylated tfeb at tyr173,,,[],[],,,
1657,photo-activatable and clickable-phospholipids,lipid,photo-activatable and clickable-phospholipids,,,[],[],39455279,lipid_protein,1
1658,physical symptoms,phenotype,physical symptoms,physical symptom,C0679309,['T184'],['Sign or Symptom'],36056366,disease_phenotype_positive,2
1659,physiological bis(monoacylglycero)phosphate hydrolase,molecular_function,physiological bis(monoacylglycero)phosphate hydrolase,,,[],[],38895439,molfunc_protein,2
1660,pi3k,,pi3k,1-Phosphatidylinositol 3-Kinase,C0044602,"['T116', 'T126']","['Amino Acid, Peptide, or Protein', 'Enzyme']",,,
1661,plasma neurofilament light chain elevated,,plasma neurofilament light chain elevated,,,[],[],,,
1662,plasma phosphorylated-tau217,protein/gene,plasma phosphorylated-tau217,,,[],[],39502943,disease_protein|phenotype_protein,1|2
1663,plasminogen activator inhibitor-1,protein/gene,plasminogen activator inhibitor-1,Plasminogen Activator Inhibitor 1,C0030190,"['T116', 'T123']","['Amino Acid, Peptide, or Protein', 'Biologically Active Substance']",36608914,disease_phenotype_positive,2
1664,pluripotent stem cells,anatomy,pluripotent stem cells,Pluripotent Stem Cells,C0872076,['T025'],['Cell'],34830064,anatomy_disease,1
1665,podocytes,anatomy,podocytes,Podocytes,C1328818,['T025'],['Cell'],36325261,pathology_anatomy_present,2
1666,poly-β-cyclodextrin,drug,poly-β-cyclodextrin,,,[],[],34748340,drug_effect|indication,1
1667,poly-β-cyclodextrin-benzimidazole supramolecular nanoassembly,drug,poly-β-cyclodextrin-benzimidazole supramolecular nanoassembly,,,[],[],34748340,drug_effect,1
1668,polyphenol-rich methanol extracts from rosa canina l. (rcme),,polyphenol-rich methanol extracts from rosa canina l. (rcme),,,[],[],,,
1669,pore-forming protein perforin,protein/gene,pore-forming protein perforin,PRF1 gene,C1418887,['T028'],['Gene or Genome'],35081253,phenotype_protein,2
1670,positive fibroblast filipin staining,,positive fibroblast filipin staining,,,[],[],,,
1671,post-er glycoforms,,post-er glycoforms,,,[],[],,,
1672,post-lysosomal/late endosomal transport,biological_process,post-lysosomal/late endosomal transport,,,[],[],36199263,bioprocess_protein,1
1673,posterior cerebellar regions,anatomy,posterior cerebellar regions,,,[],[],40243519,anatomy_disease,1
1674,postsynaptic glutamate receptor signaling,biological_process,postsynaptic glutamate receptor signaling,,,[],[],34802899,drug_bioprocess,2
1675,potent inhibition of hiv-1 replication,,potent inhibition of hiv-1 replication,,,[],[],,,
1676,premature aging,phenotype,premature aging,Premature aging syndrome,C0231341,['T047'],['Disease or Syndrome'],37047194,disease_phenotype_positive,2
1677,premature attainment of the cw checkpoint,,premature attainment of the cw checkpoint,,,[],[],,,
1678,premature death,phenotype,premature death,"Mortality, Premature",C1855073,['T033'],['Finding'],34720883|34944681|37480097,disease_phenotype_positive,2
1679,premature degradation,phenotype,premature degradation,,,[],[],40215728,phenotype_protein,2
1680,presence of lamellar bodies,phenotype,presence of lamellar bodies,Lamellar bodies:PrThr:Pt:Amnio fld:Ord,C0800173,['T201'],['Clinical Attribute'],36325261,disease_phenotype_positive,2
1681,presenilin 1,,presenilin 1,Presenilin-1,C0299212,"['T116', 'T123']","['Amino Acid, Peptide, or Protein', 'Biologically Active Substance']",,,
1682,preservation of executive control,phenotype,preservation of executive control,,,[],[],40701909,drug_effect,2
1683,preservation of learning,phenotype,preservation of learning,,,[],[],40701909,drug_effect,2
1684,preservation of memory,phenotype,preservation of memory,Severe memory loss with orientation preserved to person only. Unable to make judgments or solve problems. Requires much help with personal care. Cannot be left alone at all,C4035451,['T033'],['Finding'],40701909,drug_effect,2
1685,preserved purkinje cells,,preserved purkinje cells,"Relative preservation of Purkinje cells, but they are deformed and disaligned",C1850065,['T033'],['Finding'],,,
1686,preserves cellular function,phenotype,preserves cellular function,,,[],[],34418116,drug_effect,2
1687,presynaptic,cellular_component,presynaptic,Presynaptic Terminals,C0206181,['T026'],['Cell Component'],37815467,cellcomp_protein,2
1688,prevented hepatomegaly,,prevented hepatomegaly,,,[],[],,,
1689,prevented weight loss,phenotype,prevented weight loss,"Two medicare diabetes prevention program (mdpp) ongoing maintenance sessions (ms) were attended by an mdpp beneficiary in months (mo) 19-21 under the mdpp expanded model (em). an ongoing maintenance session is an mdpp service that: (1) is furnished by an mdpp supplier during months 13 through 24 of the mdpp services period; (2) is approximately 1 hour in length; and (3) adheres to a cdc-approved dpp curriculum for maintenance sessions. the beneficiary maintained at least 5% weight loss (wl) from his/her baseline weight, as measured by at least one in-person weight measurement at an ongoing maintenance session in months 19-21",C4746397,['T033'],['Finding'],38142760,phenotype_protein,2
1690,prevents cell death,phenotype,prevents cell death,,,[],[],34418116,drug_effect,2
1691,primary cilia formation,phenotype,primary cilia formation,motile primary cilia formation,C4326977,['T043'],['Cell Function'],40737317,phenotype_protein,2
1692,primary endothelial cells,anatomy,primary endothelial cells,,,[],[],39183751,anatomy_protein_present,1
1693,primary fibroblasts,anatomy,primary fibroblasts,"Neurology (Alzheimer disease); quantitative imaging of phosphorylated ERK1 and ERK2 in response to bradykinin treatment by in situ immunofluorescence, using cultured skin fibroblasts, reported as a probability index for Alzheimer disease (List separately in addition to code for primary procedure)",C5414665,['T059'],['Laboratory Procedure'],35891519,anatomy_disease,1
1694,primary rat brain endothelial cells,anatomy,primary rat brain endothelial cells,,,[],[],36431844,drug_effect,2
1695,pro-inflammatory environment,phenotype,pro-inflammatory environment,,,[],[],39202426,disease_phenotype_positive,2
1696,pro-neuropeptide y,,pro-neuropeptide y,"Pro-Neuropeptide Y, human",C4521303,"['T116', 'T123']","['Amino Acid, Peptide, or Protein', 'Biologically Active Substance']",,,
1697,prodrug form of 2-hydroxypropyl-beta-cyclodextrin,drug,prodrug form of 2-hydroxypropyl-beta-cyclodextrin,,,[],[],36584173,drug_drug,2
1698,production of heat shock response,phenotype,production of heat shock response,,,[],[],34418116,drug_effect,2
1699,progression of purkinje cell degeneration,,progression of purkinje cell degeneration,,,[],[],,,
1700,progressive ataxia,disease,progressive ataxia,Progressive cerebellar ataxia,C0393525,['T047'],['Disease or Syndrome'],35192242,disease_disease,2
1701,progressive dementia,,progressive dementia,Dementia,C0497327,['T048'],['Mental or Behavioral Dysfunction'],,,
1702,progressive loss of cerebellar purkinje neurons,,progressive loss of cerebellar purkinje neurons,,,[],[],,,
1703,progressive lysosomal storage disorder,disease,progressive lysosomal storage disorder,,,[],[],35007562,disease_disease,1
1704,progressive major organ failure,phenotype,progressive major organ failure,,,[],[],37670901,disease_phenotype_positive,2
1705,progressive neurodegeneration,disease | phenotype,progressive neurodegeneration,Progressive neurologic deterioration,C1854838,['T033'],['Finding'],34592985|34720883|36182715|36636588|36920149|37480097|38852794|39207850|39689839|39891227|40064165|40520915|40877976|40898442,disease_disease|disease_phenotype_positive|phenotype_protein,1|2
1706,progressive neurodegenerative,phenotype,progressive neurodegenerative,Nerve Degeneration,C0027746,['T049'],['Cell or Molecular Dysfunction'],39185019,disease_phenotype_positive,2
1707,progressive neurodegenerative disorder,disease,progressive neurodegenerative disorder,Nerve Degeneration,C0027746,['T049'],['Cell or Molecular Dysfunction'],36243834,disease_disease,2
1708,progressive neurologic dysfunction,phenotype,progressive neurologic dysfunction,"Neurologic dysfunction, progressive",C4013375,['T033'],['Finding'],36199263,disease_phenotype_positive,2
1709,progressive neurological degeneration,disease,progressive neurological degeneration,,,[],[],37602789,disease_phenotype_positive,1
1710,progressive neurological deterioration,phenotype,progressive neurological deterioration,Epilepsy syndrome with progressive neurological deterioration,C6008010,['T047'],['Disease or Syndrome'],40898442,disease_phenotype_positive,2
1711,progressive neurological disease,disease,progressive neurological disease,hyperpipecolic acidemia-hepatomegaly-mental retardation-optic dysplasia-progressive neurological disease syndrome,C0795982,['T047'],['Disease or Syndrome'],35694196,disease_disease,1
1712,progressive neurological impairment,phenotype,progressive neurological impairment,,,[],[],40009086,disease_phenotype_positive,2
1713,progressive neurological manifestations,,progressive neurological manifestations,Perrault syndrome type 2,C5816795,['T047'],['Disease or Syndrome'],,,
1714,progressive neurovisceral manifestations,phenotype,progressive neurovisceral manifestations,,,[],[],34150357,disease_phenotype_positive,2
1715,progressive purkinje cell loss,,progressive purkinje cell loss,,,[],[],,,
1716,projection of cholesterol-containing membrane tubules,biological_process,projection of cholesterol-containing membrane tubules,,,[],[],36861884,bioprocess_protein,1
1717,prolong survival,phenotype,prolong survival,,,[],[],40436106,drug_effect,2
1718,prolonged jaundice,phenotype,prolonged jaundice,Prolonged neonatal jaundice,C1859236,['T033'],['Finding'],39789920,disease_phenotype_positive,2
1719,promoted npc1 phenotypes,,promoted npc1 phenotypes,,,[],[],,,
1720,promoting ci-mpr recycling,,promoting ci-mpr recycling,,,[],[],,,
1721,pronouced neurological manifestations,phenotype,pronouced neurological manifestations,,,[],[],35081253,disease_phenotype_positive,2
1722,proteasomal degradation,biological_process,proteasomal degradation,proteasome-mediated ubiquitin-dependent protein catabolic process,C1523807,['T044'],['Molecular Function'],35159129,exposure_phenotype,2
1723,protein aggregates,molecular_function | phenotype,protein aggregates,Protein Aggregates,C3850144,['T116'],"['Amino Acid, Peptide, or Protein']",34851695|40869913,disease_phenotype_positive|molfunc_protein,1|2
1724,protein n-glycosylation,,protein n-glycosylation,protein N-linked glycosylation,C1622430,['T044'],['Molecular Function'],,,
1725,protein stability,biological_process,protein stability,Protein Stability,C2350440,['T080'],['Qualitative Concept'],35563467,disease_protein,1
1726,protein trafficking defects,phenotype,protein trafficking defects,,,[],[],39207850,phenotype_protein,2
1727,proteostasis modulators,drug,proteostasis modulators,,,[],[],36301667,drug_protein,1
1728,proteostatic regulators,drug,proteostatic regulators,,,[],[],36301667,indication,2
1729,prothoracic gland,anatomy,prothoracic gland,,,[],[],35245460,anatomy_protein_present,1
1730,proton motive force,exposure,proton motive force,Proton-Motive Force,C0282517,['T044'],['Molecular Function'],38568972,exposure_protein,1
1731,protonation,exposure,protonation,Protonation,C0178812,['T067'],['Phenomenon or Process'],38568972,exposure_protein,1
1732,prv replication cycle,,prv replication cycle,,,[],[],,,
1733,psychiatric,phenotype,psychiatric,Psychiatric,C0205487,['T169'],['Functional Concept'],38804481|40306479,disease_phenotype_positive,2
1734,psychiatric alterations,phenotype,psychiatric alterations,,,[],[],39443481,disease_phenotype_positive,2
1735,psychiatric anomalies,phenotype,psychiatric anomalies,,,[],[],39443481,indication,2
1736,psychiatric disorders,phenotype,psychiatric disorders,Mental disorders,C0004936,['T048'],['Mental or Behavioral Dysfunction'],34086834|36795166|38087834,disease_phenotype_positive,2
1737,psychiatric disturbances,phenotype,psychiatric disturbances,Problem Behavior,C5886745,['T048'],['Mental or Behavioral Dysfunction'],34993563,disease_phenotype_positive,2
1738,psychiatric manifestations,,psychiatric manifestations,Psychiatric manifestations,C5543255,['T033'],['Finding'],,,
1739,psychiatric problems,phenotype,psychiatric problems,Psychiatric problem,C1306597,['T048'],['Mental or Behavioral Dysfunction'],34799641,disease_phenotype_positive,2
1740,psychiatric symptoms,phenotype,psychiatric symptoms,Psychiatric symptom,C0233401,['T184'],['Sign or Symptom'],34303826|34304992|34420959|35696615|37210540|38533577|38581830|41277897,disease_phenotype_positive|phenotype_protein,1|2
1741,psychosis,phenotype,psychosis,Nonorganic psychosis,C0349204,['T048'],['Mental or Behavioral Dysfunction'],34146215|35696615|38581830,disease_phenotype_positive,2
1742,psychotic symptoms,phenotype,psychotic symptoms,Psychotic symptom,C0871189,['T184'],['Sign or Symptom'],37740198|38581830|39607035,disease_phenotype_positive|drug_effect|phenotype_phenotype,1|2
1743,pulmonary alveolar proteinoisis,,pulmonary alveolar proteinoisis,,,[],[],,,
1744,pulmonary injury,phenotype,pulmonary injury,Lung Injury,C0273115,['T037'],['Injury or Poisoning'],37890669,phenotype_protein,1
1745,pulmonary involvement,,pulmonary involvement,pulmonary involvement,C0748159,['T047'],['Disease or Syndrome'],,,
1746,pulmonary metastasis,phenotype,pulmonary metastasis,Secondary malignant neoplasm of lung,C0153676,['T191'],['Neoplastic Process'],36636588,disease_phenotype_positive|protein_protein,2
1747,purkinje cell,,purkinje cell,Purkinje Cells,C0034143,['T025'],['Cell'],,,
1748,purkinje cell death,,purkinje cell death,,,[],[],,,
1749,purkinje cell degeneration,,purkinje cell degeneration,Degeneration of Purkinje cells in the cerebellum,C1861737,['T033'],['Finding'],,,
1750,purkinje cell dendrites,,purkinje cell dendrites,Aberrant dendrite arborization of Purkinje cells in the cerebellum,C4747771,['T033'],['Finding'],,,
1751,purkinje cell loss,,purkinje cell loss,Neuronal loss in the Purkinje cell layer of the cerebellar vermis,C3277582,['T033'],['Finding'],,,
1752,purkinje cells,,purkinje cells,Purkinje Cells,C0034143,['T025'],['Cell'],,,
1753,purkinje neuron loss,,purkinje neuron loss,"Neuronal loss, particularly of cerebellar Purkinje cells",C2749478,['T033'],['Finding'],,,
1754,purkinje neurons,,purkinje neurons,Purkinje Cells,C0034143,['T025'],['Cell'],,,
1755,pursuit eye movements,phenotype,pursuit eye movements,jerky pursuit eye movements,C2225221,['T033'],['Finding'],36640220,disease_phenotype_positive,2
1756,pyramidal features,phenotype,pyramidal features,Pyramidal features,C1843174,['T033'],['Finding'],36199263,disease_phenotype_positive,2
1757,qkw-1,,qkw-1,,,[],[],,,
1758,quality of life,phenotype,quality of life,Perceived quality of life,C0518214,['T033'],['Finding'],37248494,exposure_phenotype,2
1759,quercitrin,,quercitrin,quercitrin,C0072836,['T123'],['Biologically Active Substance'],,,
1760,r518w,,r518w,,,[],[],,,
1761,r934l-npc1,,r934l-npc1,,,[],[],,,
1762,rapid eye movement sleep behavior disorder,,rapid eye movement sleep behavior disorder,REM Sleep Behavior Disorder,C0751772,['T047'],['Disease or Syndrome'],,,
1763,rapid progression of neurologic disease,phenotype,rapid progression of neurologic disease,,,[],[],34455703,disease_phenotype_positive,2
1764,rare lysosomal neurovisceral storage disease,disease,rare lysosomal neurovisceral storage disease,,,[],[],35086560,disease_disease,2
1765,rare lysosomal storage disorder,disease,rare lysosomal storage disorder,,,[],[],34830064,disease_disease,1
1766,rare neurovisceral lipid storage disease,disease,rare neurovisceral lipid storage disease,,,[],[],34720883,disease_disease,1
1767,re-accumulation of cholesterol,phenotype,re-accumulation of cholesterol,,,[],[],37429811,disease_phenotype_positive,2
1768,reactive microglia,phenotype,reactive microglia,,,[],[],39173891,phenotype_protein,1
1769,receptor tyrosine kinases,protein/gene,receptor tyrosine kinases,Receptor Protein-Tyrosine Kinases,C0206364,"['T116', 'T126', 'T192']","['Amino Acid, Peptide, or Protein', 'Enzyme', 'Receptor']",38183651,protein_protein,2
1770,recessive disorder of cholesterol trafficking,phenotype,recessive disorder of cholesterol trafficking,,,[],[],37612148,disease_phenotype_positive,2
1771,recessive lysosomal storage disease,phenotype,recessive lysosomal storage disease,,,[],[],37670901,disease_phenotype_positive,2
1772,recombinant human heat shock protein 70,drug | protein/gene,recombinant human heat shock protein 70,,,[],[],36455410,drug_effect|drug_protein|indication,1|2
1773,recused mitochondrial deficits,phenotype,recused mitochondrial deficits,,,[],[],35408815,disease_phenotype_positive,2
1774,reduce cell apoptosis,phenotype,reduce cell apoptosis,,,[],[],40877976,drug_effect,2
1775,reduce gastrointestinal symptoms,phenotype,reduce gastrointestinal symptoms,,,[],[],35694196,drug_effect,2
1776,reduce intestinal inflammation,phenotype,reduce intestinal inflammation,,,[],[],35694196,drug_effect,2
1777,reduce loss of cerebellar purkinje cells,,reduce loss of cerebellar purkinje cells,,,[],[],,,
1778,reduced acitve srebp2 transport,,reduced acitve srebp2 transport,,,[],[],,,
1779,reduced active sting transport,,reduced active sting transport,,,[],[],,,
1780,reduced apoe4 cholesterol efflux,,reduced apoe4 cholesterol efflux,,,[],[],,,
1781,reduced asparagine-linked glycosylation,phenotype,reduced asparagine-linked glycosylation,,,[],[],35563467,phenotype_phenotype,1
1782,reduced ataxia,phenotype,reduced ataxia,,,[],[],34387740,drug_effect,2
1783,reduced b. besnoiti proliferation,,reduced b. besnoiti proliferation,,,[],[],,,
1784,reduced basal cytoplasmic ca2+ levels,,reduced basal cytoplasmic ca2+ levels,,,[],[],,,
1785,reduced body weight loss,phenotype,reduced body weight loss,,,[],[],40184172,drug_effect,2
1786,reduced brain alkyl-lpc levels,,reduced brain alkyl-lpc levels,,,[],[],,,
1787,reduced cancer growth,phenotype,reduced cancer growth,,,[],[],41013744,phenotype_protein,2
1788,reduced capacity for vacuole fusion,phenotype,reduced capacity for vacuole fusion,,,[],[],37908116,bioprocess_protein,2
1789,reduced cholesterol accumulation,phenotype,reduced cholesterol accumulation,,,[],[],34407999|35408815|40427492|40565243,disease_phenotype_positive|drug_effect|phenotype_protein,2
1790,reduced cytokine production,phenotype,reduced cytokine production,,,[],[],38645072,drug_effect,2
1791,reduced de novo sphingolipid biosynthesis,phenotype,reduced de novo sphingolipid biosynthesis,,,[],[],38719150,drug_bioprocess,2
1792,reduced disease progression,phenotype,reduced disease progression,,,[],[],40513057,drug_effect,2
1793,reduced er ca2+,,reduced er ca2+,,,[],[],,,
1794,reduced fifilipin flfluorescence,phenotype,reduced fifilipin flfluorescence,,,[],[],40504793,drug_effect,2
1795,reduced foamy cells,phenotype,reduced foamy cells,,,[],[],34944681,drug_effect,2
1796,reduced glycosphingolipid levels,phenotype,reduced glycosphingolipid levels,,,[],[],35140266,drug_effect,2
1797,reduced hepatosplenomegaly,phenotype,reduced hepatosplenomegaly,,,[],[],40866990,drug_effect,2
1798,reduced inflammation,phenotype,reduced inflammation,"Determine any contraindications to receiving oral medication via tube (e.g., bowel inflammation, reduced peristalsis, recent gastrointestinal surgery, attached to gastric suction)",C5913954,['T058'],['Health Care Activity'],34407999,drug_effect,2
1799,reduced lifespan,phenotype,reduced lifespan,,,[],[],35563467,phenotype_phenotype,2
1800,reduced liver alkyl-lpc levels,,reduced liver alkyl-lpc levels,,,[],[],,,
1801,reduced loss of purkinje cells,,reduced loss of purkinje cells,,,[],[],,,
1802,reduced lysosomal cholesterol accumulation,phenotype,reduced lysosomal cholesterol accumulation,,,[],[],40663813,drug_effect,2
1803,reduced lysosomal transport,phenotype,reduced lysosomal transport,,,[],[],35159316,phenotype_phenotype,1
1804,reduced mitochondrial transport,phenotype,reduced mitochondrial transport,,,[],[],35159316,disease_disease,2
1805,reduced motor function,phenotype,reduced motor function,,,[],[],40866990,drug_effect,2
1806,reduced neocortical inflammation,phenotype,reduced neocortical inflammation,,,[],[],39891227,drug_effect,2
1807,reduced ocular manifestations,,reduced ocular manifestations,,,[],[],,,
1808,reduced parkin expression,,reduced parkin expression,,,[],[],,,
1809,reduced peripheral inflammation,phenotype,reduced peripheral inflammation,,,[],[],34944681,drug_effect,2
1810,"reduced phosphatidylinositol 4,5-bisphosphate",,"reduced phosphatidylinositol 4,5-bisphosphate",,,[],[],,,
1811,reduced sphingolipid accumulation,phenotype,reduced sphingolipid accumulation,,,[],[],38719150,exposure_phenotype,2
1812,reduced thalamic volumes,phenotype,reduced thalamic volumes,,,[],[],39689839,disease_phenotype_positive,2
1813,reduces expression npc1 mrna,,reduces expression npc1 mrna,,,[],[],,,
1814,reduces expression npc1 protein,,reduces expression npc1 protein,,,[],[],,,
1815,reduces intracellular cholesterol accumulation,phenotype,reduces intracellular cholesterol accumulation,,,[],[],35408815,anatomy_disease,2
1816,reducing excitotoxicity.,phenotype,reducing excitotoxicity.,,,[],[],36638187,phenotype_protein,1
1817,reduction in complex asparagine-linked glycosylation,phenotype,reduction in complex asparagine-linked glycosylation,,,[],[],35563467,phenotype_phenotype,1
1818,reduction in csf total tau,,reduction in csf total tau,,,[],[],,,
1819,reduction in lysosomal calcium,phenotype,reduction in lysosomal calcium,,,[],[],36085278,disease_phenotype_positive,2
1820,reductions in connection number,phenotype,reductions in connection number,,,[],[],41277897,disease_phenotype_positive,2
1821,reductions in connection strength and number,phenotype,reductions in connection strength and number,,,[],[],41277897,disease_phenotype_positive,2
1822,regional iron deposition,,regional iron deposition,Iron-containing deposits in various brain regions,C3808483,['T033'],['Finding'],,,
1823,regulate arp 2/3 actin nucleation,,regulate arp 2/3 actin nucleation,,,[],[],,,
1824,regulated cholesterol metabolism,biological_process,regulated cholesterol metabolism,Regulation of Cholesterol Metabolism Pathway,C1514824,['T044'],['Molecular Function'],40565243,bioprocess_protein|drug_bioprocess,2
1825,regulated lysosomal function,biological_process,regulated lysosomal function,,,[],[],40565243,bioprocess_protein|drug_bioprocess,2
1826,regulatory t cells,,regulatory t cells,Decreased regulatory T cells,C3808815,['T033'],['Finding'],,,
1827,relatively intact smooth pursuit eye movements,phenotype,relatively intact smooth pursuit eye movements,,,[],[],38868844,disease_phenotype_positive,2
1828,release of lipid-laden lamellar inclusions,biological_process,release of lipid-laden lamellar inclusions,,,[],[],34364974,drug_bioprocess,2
1829,remove cholesterol,phenotype,remove cholesterol,,,[],[],36584173,drug_effect,2
1830,remove lysosomal cholesterol crystals,phenotype,remove lysosomal cholesterol crystals,,,[],[],34748340,drug_effect,2
1831,remove lysosomes cholesterol crystal,phenotype,remove lysosomes cholesterol crystal,,,[],[],34748340,drug_effect,2
1832,renal lamellar bodies,phenotype,renal lamellar bodies,,,[],[],36325261,disease_phenotype_positive,2
1833,renal tubules,anatomy,renal tubules,Renal tubule structure,C0022674,['T023'],"['Body Part, Organ, or Organ Component']",37008782,phenotype_anatomy,2
1834,renal volume and weight,phenotype,renal volume and weight,,,[],[],38087834,phenotype_protein,1
1835,reperfusion injury,disease,reperfusion injury,Reperfusion Injury,C0035126,['T037'],['Injury or Poisoning'],37054918,disease_protein,1
1836,replenishment of mitochondrial glutathione levels,phenotype,replenishment of mitochondrial glutathione levels,,,[],[],38599016,drug_effect,2
1837,rescored 4-domain npccss,,rescored 4-domain npccss,,,[],[],,,
1838,rescued all phenotypic changes,biological_process,rescued all phenotypic changes,,,[],[],40301465,drug_bioprocess,2
1839,rescues aberrant cav1.2 clustering,,rescues aberrant cav1.2 clustering,,,[],[],,,
1840,rescues cav1.2,,rescues cav1.2,,,[],[],,,
1841,rescues cholesterol accumulation,phenotype,rescues cholesterol accumulation,,,[],[],37440478,phenotype_protein,1
1842,rescues epigenetic marks,phenotype,rescues epigenetic marks,,,[],[],37407594,drug_protein,2
1843,rescues mitochondrial membrane potential depolarization;,phenotype,rescues mitochondrial membrane potential depolarization;,,,[],[],35408815,disease_phenotype_positive,2
1844,rescues myelination,phenotype,rescues myelination,,,[],[],37407594,drug_effect,2
1845,rescues oligodendrocyte gene expression.,phenotype,rescues oligodendrocyte gene expression.,,,[],[],37407594,drug_protein,2
1846,rescues sphingolipid accumulation.,phenotype,rescues sphingolipid accumulation.,,,[],[],37440478,phenotype_protein,1
1847,resistance to lysosphingolipid-induced cell death,,resistance to lysosphingolipid-induced cell death,,,[],[],,,
1848,resolve the catatonia,phenotype,resolve the catatonia,,,[],[],39607035,drug_effect,2
1849,respiratory infections,phenotype,respiratory infections,Respiratory Tract Infections,C0035243,['T047'],['Disease or Syndrome'],35694196,disease_phenotype_positive,2
1850,respiratory symptoms,phenotype,respiratory symptoms,"Signs and Symptoms, Respiratory",C0037090,['T184'],['Sign or Symptom'],36553254,disease_phenotype_positive,2
1851,restore cytotoxic t lymphocyte cytotoxicity,,restore cytotoxic t lymphocyte cytotoxicity,,,[],[],,,
1852,restore lipid homeostasis,biological_process,restore lipid homeostasis,,,[],[],34364974,drug_bioprocess,2
1853,restored autophagic flux,phenotype,restored autophagic flux,,,[],[],38821960,drug_effect,2
1854,restored cell viability,phenotype,restored cell viability,,,[],[],38821960,drug_effect,2
1855,restored cholesterol sensing,,restored cholesterol sensing,,,[],[],,,
1856,restored lipid profile,lipid,restored lipid profile,,,[],[],39891227,drug_protein,2
1857,restored localization of abca1,,restored localization of abca1,,,[],[],,,
1858,restored localization of golgin 97,phenotype,restored localization of golgin 97,,,[],[],35507892,phenotype_protein,2
1859,restored localization of syntaxin 6,phenotype,restored localization of syntaxin 6,,,[],[],35507892,phenotype_protein,2
1860,restored mitochondria length,phenotype,restored mitochondria length,,,[],[],38033125,exposure_phenotype,2
1861,restored nad levels,,restored nad levels,,,[],[],,,
1862,restored plasma il-10,,restored plasma il-10,,,[],[],,,
1863,restored plasma il-6,,restored plasma il-6,,,[],[],,,
1864,restored plasma il-8,,restored plasma il-8,,,[],[],,,
1865,restored the autophagic flux,phenotype,restored the autophagic flux,,,[],[],37047194,phenotype_cellcomp,2
1866,restores s-adenosyl-l-methionine levels in mitochondria,,restores s-adenosyl-l-methionine levels in mitochondria,,,[],[],,,
1867,retinal alterations,phenotype,retinal alterations,Retinal Pigment Epithelium Alteration,C4709330,['T042'],['Organ or Tissue Function'],34086834,disease_phenotype_positive,2
1868,retromer dysfunction,phenotype,retromer dysfunction,,,[],[],34948052,phenotype_phenotype|phenotype_protein,1|2
1869,retromer impairment,phenotype,retromer impairment,,,[],[],34948052,disease_phenotype_positive|phenotype_phenotype,2
1870,reverted synaptic defects,phenotype,reverted synaptic defects,,,[],[],36482560,drug_effect,2
1871,robust phagocytic activity,phenotype,robust phagocytic activity,,,[],[],36322609,phenotype_protein,2
1872,ros levels,,ros levels,Ross river fever antibody level,C1277853,['T059'],['Laboratory Procedure'],,,
1873,ros-ca2+-calcineurin pathway,,ros-ca2+-calcineurin pathway,,,[],[],,,
1874,rs1044925 (c-allele),,rs1044925 (c-allele),,,[],[],,,
1875,s-adenosyl-l-methionine,,s-adenosyl-l-methionine,S-adenosyl-L-methionine binding,C3895949,['T044'],['Molecular Function'],,,
1876,saccadic eye movement,biological_process,saccadic eye movement,Abnormal saccadic eye movement,C0234649,['T190'],['Anatomical Abnormality'],36338825,bioprocess_bioprocess,2
1877,saccadic eye movements,phenotype,saccadic eye movements,Deficient saccadic eye movements,C5385189,['T033'],['Finding'],36640220,disease_phenotype_positive,2
1878,saccadic impairment,phenotype,saccadic impairment,Impaired saccades,C1842584,['T033'],['Finding'],34086834,disease_phenotype_positive,2
1879,saccadic intrusions,phenotype,saccadic intrusions,Saccadic intrusion,C1854375,['T047'],['Disease or Syndrome'],36640220,disease_phenotype_positive,2
1880,sadness,phenotype,sadness,Sad mood,C3536794,['T041'],['Mental Process'],34819124,disease_phenotype_positive,2
1881,sandhoff,,sandhoff,Sandhoff Disease,C0036161,['T047'],['Disease or Syndrome'],,,
1882,sbh1,,sbh1,"Sbh1 protein, S cerevisiae",C0529295,"['T116', 'T192']","['Amino Acid, Peptide, or Protein', 'Receptor']",,,
1883,scale for the assessment and rating of ataxia score,,scale for the assessment and rating of ataxia score,,,[],[],,,
1884,scar/wave complex proteins,,scar/wave complex proteins,,,[],[],,,
1885,sea-blue histiocytes,phenotype,sea-blue histiocytes,Sea-blue histiocyte,C0333836,['T025'],['Cell'],36187872,anotomy_phenotype|disease_phenotype_positive,2
1886,sec61,,sec61,SEC61A1 gene,C1425414,['T028'],['Gene or Genome'],,,
1887,seizure history,,seizure history,History of seizure,C5880507,['T033'],['Finding'],,,
1888,seizures,phenotype,seizures,Seizures,C0036572,['T184'],['Sign or Symptom'],34535129|35452076|35696615|36199263|36325261|38673803|39697013|40525490|40663813|40898442,disease_phenotype_positive|drug_effect|phenotype_protein,1|2
1889,serca3,,serca3,ATP2A3 gene,C1412639,['T028'],['Gene or Genome'],,,
1890,serine palmitoyltransferase,protein/gene,serine palmitoyltransferase,serine palmitoyltransferase,C0074375,"['T116', 'T126']","['Amino Acid, Peptide, or Protein', 'Enzyme']",38719150,protein_protein,2
1891,serum alpha-fetoprotein,,serum alpha-fetoprotein,"Alpha-1-fetoprotein measurement, serum",C0373538,['T059'],['Laboratory Procedure'],,,
1892,severe acute liver failure,pathology,severe acute liver failure,,,[],[],37429811,pathology_phenotype,1
1893,severe biochemical phenotype,phenotype,severe biochemical phenotype,,,[],[],34572251,phenotype_protein,1
1894,severe disability,phenotype,severe disability,Disability - severe,C0424990,['T033'],['Finding'],35192242,disease_phenotype_positive,2
1895,severity of impairments,,severity of impairments,Severe visual impairment,C1301509,['T047'],['Disease or Syndrome'],,,
1896,shortened life span,,shortened life span,,,[],[],,,
1897,shorter adhesio interthalamica length,phenotype,shorter adhesio interthalamica length,,,[],[],37612148,disease_phenotype_positive,2
1898,shorter lifespan,phenotype,shorter lifespan,,,[],[],35563467,disease_phenotype_positive|phenotype_protein,2
1899,shortfalls in fine odor discrimination,phenotype,shortfalls in fine odor discrimination,,,[],[],36322609,phenotype_protein,2
1900,sialic acid,phenotype,sialic acid,Measurement of sialic acid,C0037024,['T059'],['Laboratory Procedure'],36009508,disease_protein,2
1901,sialic acid-dependent ligands,,sialic acid-dependent ligands,,,[],[],,,
1902,side-effect,phenotype,side-effect,Medication side effect care,C0184617,['T058'],['Health Care Activity'],34744838,drug_effect,2
1903,sigma-2 receptor,,sigma-2 receptor,sigma-2 receptor,C0539267,"['T116', 'T192']","['Amino Acid, Peptide, or Protein', 'Receptor']",,,
1904,signaling downstream of g protein-coupled receptors,,signaling downstream of g protein-coupled receptors,,,[],[],,,
1905,significantly reduced mortality risk,phenotype,significantly reduced mortality risk,,,[],[],35140266,drug_effect,2
1906,slcla2,,slcla2,,,[],[],,,
1907,sleep disorders,phenotype,sleep disorders,Sleep Disorders,C0851578,['T048'],['Mental or Behavioral Dysfunction'],36199263,disease_phenotype_positive|phenotype_phenotype,1|2
1908,slow down the rate of weight loss,phenotype,slow down the rate of weight loss,,,[],[],40877976,drug_effect,2
1909,slow neurological damage,biological_process,slow neurological damage,,,[],[],36608914,drug_bioprocess,2
1910,slowed peak velocity,phenotype,slowed peak velocity,,,[],[],34086834,disease_phenotype_positive,2
1911,slower onset of cerebral cortical pathology,phenotype,slower onset of cerebral cortical pathology,,,[],[],38254990,phenotype_phenotype,2
1912,slowing of disease progression,phenotype,slowing of disease progression,Slowly progressive,C1854494,['T033'],['Finding'],40663813,drug_effect,2
1913,smad2/3,,smad2/3,Regulation of Nuclear SMAD2/3 Signaling Pathway,C2984462,['T169'],['Functional Concept'],,,
1914,small molecules,drug,small molecules,Small Molecule,C1328819,['T109'],['Organic Chemical'],36301667,drug_protein,1
1915,smaller gray matter volumes,phenotype,smaller gray matter volumes,,,[],[],34146215,disease_phenotype_positive,2
1916,smaller heart weight,phenotype,smaller heart weight,,,[],[],36614015,disease_phenotype_positive,2
1917,smaller kidneys weight,phenotype,smaller kidneys weight,,,[],[],36614015,disease_phenotype_positive,2
1918,smaller liver weight,phenotype,smaller liver weight,,,[],[],36614015,disease_phenotype_positive,2
1919,smaller ovaries,phenotype,smaller ovaries,,,[],[],36614015,disease_phenotype_positive,2
1920,smaller scent gland weight,phenotype,smaller scent gland weight,,,[],[],36614015,disease_phenotype_positive,2
1921,smaller testes weight,phenotype,smaller testes weight,,,[],[],36614015,disease_phenotype_positive,2
1922,smaller uteri,phenotype,smaller uteri,,,[],[],36614015,disease_phenotype_positive,2
1923,smaller vesicular gland weight,phenotype,smaller vesicular gland weight,,,[],[],36614015,disease_phenotype_positive,2
1924,smaller whole hippocampi volumes,disease,smaller whole hippocampi volumes,,,[],[],34146215,disease_phenotype_positive,2
1925,soat1 inhibitors,,soat1 inhibitors,,,[],[],,,
1926,social isolation,phenotype,social isolation,Social isolation,C0037421,['T054'],['Social Behavior'],34819124|35696615,disease_phenotype_positive,2
1927,solid diet modifications,,solid diet modifications,,,[],[],,,
1928,solid tumors,disease,solid tumors,Solid Neoplasm,C0280100,['T191'],['Neoplastic Process'],41013744,indication,2
1929,soluble cd22,,soluble cd22,,,[],[],,,
1930,soluble epoxide hydrolase,molecular_function,soluble epoxide hydrolase,EPHX2 gene,C1414433,['T028'],['Gene or Genome'],40306479,molfunc_molfunc,1
1931,soluble epoxide hydrolase pathways,pathway,soluble epoxide hydrolase pathways,,,[],[],40306479,pathway_molfunc,1
1932,sorla,,sorla,SORL1 gene,C1420312,['T028'],['Gene or Genome'],,,
1933,speech,phenotype,speech,Speech,C0037817,['T040'],['Organism Function'],34794481|34819124,disease_phenotype_positive,2
1934,speech production,phenotype,speech production,Speech Production Measurement,C0037827,['T060'],['Diagnostic Procedure'],38131307,disease_phenotype_negative,2
1935,sphingolipid accumulation,phenotype,sphingolipid accumulation,"Accumulation of sulfatides, glycosaminoglycans, sphingolipids, and steroid sulfates in tissues and body fluids",C3279448,['T033'],['Finding'],37440478,disease_phenotype_positive,2
1936,sphingolipid biosynthesis,biological_process,sphingolipid biosynthesis,sphingolipid biosynthetic process,C1157397,['T044'],['Molecular Function'],40306479,drug_bioprocess,2
1937,sphingolipid dyshomeostasis,phenotype,sphingolipid dyshomeostasis,,,[],[],36322609,phenotype_protein,2
1938,sphingolipid storage disorder,disease,sphingolipid storage disorder,metabolic disorder; fat: sphingolipids and storage,C1533296,['T047'],['Disease or Syndrome'],38719150,disease_disease,2
1939,sphingolipid synthesis,biological_process,sphingolipid synthesis,sphingolipid biosynthetic process,C1157397,['T044'],['Molecular Function'],37539272,drug_bioprocess,2
1940,sphingolipidoses,disease,sphingolipidoses,Sphingolipidoses,C0037899,['T047'],['Disease or Syndrome'],34303826|36409725,disease_disease|disease_protein,1|2
1941,sphingolipids,,sphingolipids,Sphingolipids,C0037900,['T109'],['Organic Chemical'],,,
1942,sphingolipids accumulate,phenotype,sphingolipids accumulate,"Accumulation of sulfatides, glycosaminoglycans, sphingolipids, and steroid sulfates in tissues and body fluids",C3279448,['T033'],['Finding'],34303826,disease_phenotype_positive,2
1943,sphingomyelin accumulation,phenotype,sphingomyelin accumulation,,,[],[],38087834,phenotype_protein,1
1944,sphingomyelin phosphodiesterase 1,,sphingomyelin phosphodiesterase 1,SMPD1 gene,C1420259,['T028'],['Gene or Genome'],,,
1945,sphingomyelin phosphodiesterase 2,,sphingomyelin phosphodiesterase 2,Sphingomyelin Phosphodiesterase 2,C3539580,"['T116', 'T126']","['Amino Acid, Peptide, or Protein', 'Enzyme']",,,
1946,sphingomyelinase acid deficiency,phenotype,sphingomyelinase acid deficiency,Acid sphingomyelinase deficiency,C5243927,['T047'],['Disease or Syndrome'],35016719,disease_phenotype_positive,2
1947,sphingomyelins,phenotype,sphingomyelins,Sphingomyelins,C0037906,"['T109', 'T123']","['Organic Chemical', 'Biologically Active Substance']",34810067|39747180,disease_phenotype_negative|phenotype_protein,1|2
1948,spinocerebellar ataxias,disease,spinocerebellar ataxias,"Ataxia, Spinocerebellar",C0087012,['T047'],['Disease or Syndrome'],36640220,disease_disease,1
1949,spinocerebellar ataxias 17,disease,spinocerebellar ataxias 17,SPINOCEREBELLAR ATAXIA 17,C1846707,['T047'],['Disease or Syndrome'],36640220,disease_phenotype_positive,1
1950,spinocerebellar ataxias 2,disease,spinocerebellar ataxias 2,Spinocerebellar Ataxia Type 2,C0752121,['T047'],['Disease or Syndrome'],36640220,disease_disease|disease_phenotype_positive,1|2
1951,spinocerebellar ataxias 3,disease,spinocerebellar ataxias 3,"SPINOCEREBELLAR ATAXIA, X-LINKED 3",C1844936,['T047'],['Disease or Syndrome'],36640220,disease_disease|disease_phenotype_positive,1|2
1952,spinocerebellar ataxias 6,disease,spinocerebellar ataxias 6,Spinocerebellar Ataxia Type 6 (disorder),C0752124,['T047'],['Disease or Syndrome'],36640220,disease_disease,2
1953,spleen biospies,anatomy,spleen biospies,,,[],[],35038048,anatomy_protein_present,1
1954,spleen enlargement,phenotype,spleen enlargement,Splenomegaly,C0038002,['T033'],['Finding'],34303826,disease_phenotype_positive,2
1955,splenic macrophages,anatomy,splenic macrophages,Splenic macrophage,C2337419,['T025'],['Cell'],35007562,anatomy_protein_present,1
1956,splenic monocytes,anatomy,splenic monocytes,,,[],[],35007562,anatomy_protein_present,1
1957,splenic neutrophils,anatomy,splenic neutrophils,,,[],[],35007562,anatomy_protein_present,1
1958,srebp,,srebp,SREBP signaling pathway,C2245021,['T044'],['Molecular Function'],,,
1959,srebp2,,srebp2,SREBF2 gene,C1420399,['T028'],['Gene or Genome'],,,
1960,srebp2 processing,,srebp2 processing,,,[],[],,,
1961,stabilized chorea,phenotype,stabilized chorea,,,[],[],40221338,drug_effect,2
1962,stabilized coginitive decline,phenotype,stabilized coginitive decline,,,[],[],40221338,drug_effect,2
1963,stabilized neurological phenotypes,phenotype,stabilized neurological phenotypes,,,[],[],35140266,drug_effect,2
1964,stabilized psychiatric features,phenotype,stabilized psychiatric features,,,[],[],40221338,drug_effect,2
1965,stard1,,stard1,STAR gene,C1420453,['T028'],['Gene or Genome'],,,
1966,stereotyped behaviors,phenotype,stereotyped behaviors,Stereotyped Behavior,C0038271,['T055'],['Individual Behavior'],37740198,disease_phenotype_positive,2
1967,stereotyped purkinje cell loss,,stereotyped purkinje cell loss,,,[],[],,,
1968,steroidogenesis,biological_process,steroidogenesis,Steroid biosynthesis,C0597513,['T044'],['Molecular Function'],35245460,bioprocess_protein|exposure_bioprocess,2
1969,steroidogenic acute regulatory protein d1,,steroidogenic acute regulatory protein d1,,,[],[],,,
1970,sterol absorption,biological_process,sterol absorption,,,[],[],37602789,bioprocess_protein,1
1971,sterol movement,biological_process,sterol movement,,,[],[],38568972,bioprocess_protein,1
1972,stimulator of interferon genesassociated diseases,disease,stimulator of interferon genesassociated diseases,,,[],[],38645072,indication,2
1973,stimulus-sensitive myoclonus,phenotype,stimulus-sensitive myoclonus,,,[],[],36187872,disease_phenotype_positive,2
1974,sting,,sting,Sting Injury,C0038340,['T037'],['Injury or Poisoning'],,,
1975,sting activation,,sting activation,cGAS-STING Activation,C6016632,['T044'],['Molecular Function'],,,
1976,stop gain,phenotype,stop gain,Nonsense mutation,C0544885,['T049'],['Cell or Molecular Dysfunction'],35192242,phenotype_protein,1
1977,striatal astrocytes,anatomy,striatal astrocytes,,,[],[],40737317,anatomy_protein_present,2
1978,subcortical networks,anatomy,subcortical networks,,,[],[],41277897,anatomy_disease,1
1979,subcortical nuclei,anatomy,subcortical nuclei,Cerebral nucleus,C0458265,['T023'],"['Body Part, Organ, or Organ Component']",41277897,pathology_anatomy_present,2
1980,subcortical white matter,anatomy,subcortical white matter,Subcortical white matter calcifications,C1851430,['T033'],['Finding'],41277897,pathology_anatomy_present,2
1981,suboptimal cholesterol transport,phenotype,suboptimal cholesterol transport,,,[],[],40436106,disease_phenotype_positive,2
1982,substantial fibrosis,phenotype,substantial fibrosis,,,[],[],37429811,disease_phenotype_positive,2
1983,substrate binding,molecular_function,substrate binding,insulin receptor substrate binding,C1623518,['T044'],['Molecular Function'],38568972,molfunc_protein,1
1984,sulfotransferase,protein/gene,sulfotransferase,sulfotransferase,C0038769,"['T116', 'T126']","['Amino Acid, Peptide, or Protein', 'Enzyme']",37683773,phenotype_protein,2
1985,"suppress the npc1 deficiency-induced, hyper-activated sting signaling",,"suppress the npc1 deficiency-induced, hyper-activated sting signaling",,,[],[],,,
1986,suppressed stimulator of interferon genes polymerization,,suppressed stimulator of interferon genes polymerization,,,[],[],,,
1987,supranuclear palsy,phenotype,supranuclear palsy,Progressive supranuclear palsy,C0038868,['T047'],['Disease or Syndrome'],38804481,disease_phenotype_positive,2
1988,suspected np-c,,suspected np-c,,,[],[],,,
1989,suspiciousness,phenotype,suspiciousness,Suspicious behavior (finding),C0233519,['T033'],['Finding'],35696615,drug_effect,2
1990,sustained reduction in disease progression,phenotype,sustained reduction in disease progression,,,[],[],40663813,drug_effect,2
1991,swallowing,phenotype,swallowing,Swallowing:-:Pt:^Patient:-,C2598159,['T201'],['Clinical Attribute'],34794481|34819124,disease_phenotype_positive,2
1992,swallowing decline,,swallowing decline,Drug declined by patient - problem swallowing,C0586633,['T033'],['Finding'],,,
1993,swallowing dysfunction,,swallowing dysfunction,Swallowing dysfunction,C5830297,['T033'],['Finding'],,,
1994,swallowing function,,swallowing function,Deglutition,C0011167,['T040'],['Organism Function'],,,
1995,symtomatic therapy,exposure,symtomatic therapy,,,[],[],36243834,exposure_disease,1
1996,synapses,anatomy,synapses,Synapses,C0039062,['T030'],['Body Space or Junction'],37024714,anatomy_protein_present,1
1997,synaptic boutons size increase,phenotype,synaptic boutons size increase,,,[],[],39340823,drug_effect,2
1998,synaptic changes,phenotype,synaptic changes,,,[],[],36482560,drug_effect,2
1999,synaptic disturbance,phenotype,synaptic disturbance,,,[],[],36608914,pathology_phenotype,2
2000,synaptic transmission,biological_process,synaptic transmission,Synaptic Transmission,C0027793,['T043'],['Cell Function'],36482560,bioprocess_protein,2
2001,synaptosomes,cellular_component,synaptosomes,Synaptosomes,C0039067,['T026'],['Cell Component'],36482560,cellcomp_protein,2
2002,synchronicity disruptions,phenotype,synchronicity disruptions,,,[],[],39340823,disease_phenotype_positive,2
2003,synthesis of esterified cholesterol,biological_process,synthesis of esterified cholesterol,,,[],[],36182715,drug_bioprocess,2
2004,synthesis of glycosphingolipids,biological_process,synthesis of glycosphingolipids,Glycosphingolipid Synthesis Increase,C2267133,['T039'],['Physiologic Function'],36553254,bioprocess_protein,2
2005,synthesis of long-chain fatty acids,biological_process,synthesis of long-chain fatty acids,long-chain fatty acid biosynthetic process,C1327063,['T044'],['Molecular Function'],36182715,drug_bioprocess,2
2006,synucleinopathies,disease,synucleinopathies,Synucleinopathies,C5191670,['T047'],['Disease or Syndrome'],37032242,disease_disease,2
2007,systemic diseases,disease,systemic diseases,Systemic disease,C0442893,['T047'],['Disease or Syndrome'],35360843,disease_disease,2
2008,systemic insulin signaling,biological_process,systemic insulin signaling,,,[],[],35245460,bioprocess_protein,2
2009,systemic iron abnormalities,phenotype,systemic iron abnormalities,,,[],[],37348967,disease_phenotype_positive,2
2010,systemic organ lesions,phenotype,systemic organ lesions,,,[],[],38087834,phenotype_protein,1
2011,systemic symptoms,phenotype,systemic symptoms,systemic symptoms,C2039684,['T184'],['Sign or Symptom'],34830064|36056366,disease_phenotype_positive,2
2012,t-cell immune insufficiency,,t-cell immune insufficiency,,,[],[],,,
2013,t1-11,,t1-11,N6-(4-hydroxybenzyl)adenosine,C4308067,"['T114', 'T121']","['Nucleic Acid, Nucleoside, or Nucleotide', 'Pharmacologic Substance']",,,
2014,t1-12,,t1-12,,,[],[],,,
2015,target of rapamycin,protein/gene,target of rapamycin,"target of rapamycin protein, Drosophila",C1257553,"['T116', 'T126']","['Amino Acid, Peptide, or Protein', 'Enzyme']",35245460,anatomy_protein_present|bioprocess_protein|exposure_protein|phenotype_protein|protein_protein,1|2
2016,targets-translocator protein,,targets-translocator protein,"post-translational protein targeting to membrane, translocation",C1622000,['T043'],['Cell Function'],,,
2017,tau,protein/gene,tau,Greek letter tau,C1720655,['T170'],['Intellectual Product'],40869913,disease_protein,2
2018,tau dysregulation,phenotype,tau dysregulation,,,[],[],39202426,phenotype_protein,2
2019,tau pathology,pathology,tau pathology,Tau pathology,C5542959,['T033'],['Finding'],39502943,disease_phenotype_positive,2
2020,tau protein,,tau protein,tau Proteins,C0085401,"['T116', 'T123']","['Amino Acid, Peptide, or Protein', 'Biologically Active Substance']",,,
2021,tau protein aggregation,,tau protein aggregation,,,[],[],,,
2022,tdp-43,,tdp-43,"protein TDP-43, human",C4041990,"['T116', 'T123']","['Amino Acid, Peptide, or Protein', 'Biologically Active Substance']",,,
2023,tefb,,tefb,P-TEFb complex,C4235137,['T026'],['Cell Component'],,,
2024,telocytes,,telocytes,Telocytes,C2717913,['T025'],['Cell'],,,
2025,tfeb activation,,tfeb activation,,,[],[],,,
2026,tfeb nuclear translocation,,tfeb nuclear translocation,,,[],[],,,
2027,tgf-β pathway,,tgf-β pathway,,,[],[],,,
2028,tgf-β1-induced fmd,,tgf-β1-induced fmd,,,[],[],,,
2029,thalamus,anatomy,thalamus,Thalamic structure,C0039729,['T023'],"['Body Part, Organ, or Organ Component']",34720883|37348967|38804481|40009086|41277897,anatomy_disease|anatomy_protein_present|pathology_anatomy_present,1|2
2030,thalamus atrophy,,thalamus atrophy,Atrophy of the caudate and thalamus,C4747880,['T033'],['Finding'],,,
2031,the transcription factor eb,,the transcription factor eb,TFEB gene,C1420699,['T028'],['Gene or Genome'],,,
2032,third transmembrane domain,anatomy,third transmembrane domain,,,[],[],40026274,pathology_anatomy_present,1|2
2033,tissue distribution,biological_process,tissue distribution,tissue distribution aspects,C0220927,['T169'],['Functional Concept'],38852794,drug_bioprocess,2
2034,tmem241,,tmem241,TMEM241 gene,C3470101,['T028'],['Gene or Genome'],,,
2035,tmem241 ablation,,tmem241 ablation,,,[],[],,,
2036,tmem241 deficient,,tmem241 deficient,,,[],[],,,
2037,total diacylglycerols,phenotype,total diacylglycerols,,,[],[],34810067,disease_phenotype_positive,2
2038,total retinal thinning in the fovea,phenotype,total retinal thinning in the fovea,,,[],[],34086834,disease_phenotype_positive,2
2039,total tau,,total tau,"Tau, total (tTau)",C5944561,['T059'],['Laboratory Procedure'],,,
2040,total tau protein,protein/gene,total tau protein,"Tau, total (tTau)",C5944561,['T059'],['Laboratory Procedure'],34150357,disease_protein,2
2041,toxic lipid accumulation,pathology,toxic lipid accumulation,,,[],[],40525490,pathology_anatomy_present,1
2042,transbilayer transport of some hydrophobic molecules,biological_process,transbilayer transport of some hydrophobic molecules,,,[],[],34455703,bioprocess_protein,1
2043,transcription factors e3,,transcription factors e3,"TFE3 protein, human",C0145464,"['T116', 'T123']","['Amino Acid, Peptide, or Protein', 'Biologically Active Substance']",,,
2044,transcription factors eb,,transcription factors eb,TFEB gene,C1420699,['T028'],['Gene or Genome'],,,
2045,transduced primary brain endothelial cells,,transduced primary brain endothelial cells,,,[],[],,,
2046,transforming growth factor-β1,,transforming growth factor-β1,,,[],[],,,
2047,translation eukaryotic initiation factor 3d (eif3d),,translation eukaryotic initiation factor 3d (eif3d),,,[],[],,,
2048,translocator protein,protein/gene,translocator protein,TSPO gene,C1823521,['T028'],['Gene or Genome'],39630885,anatomy_protein_present,2
2049,transmembrane glycoprotein,cellular_component,transmembrane glycoprotein,Transmembrane Glycoprotein NMB,C3813203,"['T116', 'T123']","['Amino Acid, Peptide, or Protein', 'Biologically Active Substance']",38686625,protein_protein,2
2050,transport of unesterified cholesterol,biological_process,transport of unesterified cholesterol,,,[],[],35452076,bioprocess_protein,1
2051,transporters,molecular_function,transporters,Membrane Transport Proteins,C0596902,"['T116', 'T123']","['Amino Acid, Peptide, or Protein', 'Biologically Active Substance']",37683773,molfunc_protein,1
2052,transporting molecules in the cell,biological_process,transporting molecules in the cell,,,[],[],34455703,bioprocess_protein,1
2053,treatment resistance,phenotype,treatment resistance,Drug Resistance Inhibition Treatment,C0677911,['T061'],['Therapeutic or Preventive Procedure'],34744838,disease_phenotype_positive,2
2054,trehalose,chemical,trehalose,trehalose,C0040815,"['T109', 'T121', 'T123']","['Organic Chemical', 'Pharmacologic Substance', 'Biologically Active Substance']",38033125,exposure_bioprocess|exposure_phenotype,1
2055,trem2-mtor signaling,,trem2-mtor signaling,,,[],[],,,
2056,trihydroxycholanic acid glycinate,protein/gene,trihydroxycholanic acid glycinate,,,[],[],36009508,disease_protein,2
2057,tuj1-positive neurite density,,tuj1-positive neurite density,,,[],[],,,
2058,tumor growth,phenotype,tumor growth,tumor growth,C0598934,['T191'],['Neoplastic Process'],37683773|41013744,phenotype_protein,1|2
2059,tumor necrosis factor,protein/gene,tumor necrosis factor,Tumor Necrosis Factor-alpha,C1456820,"['T116', 'T129']","['Amino Acid, Peptide, or Protein', 'Immunologic Factor']",37670901,bioprocess_protein,2
2060,type 1 angiotensin ii receptor,,type 1 angiotensin ii receptor,Angiotensin II Type 1 Receptor Blockers,C1449680,['T121'],['Pharmacologic Substance'],,,
2061,type-6 episodic ataxia,disease,type-6 episodic ataxia,"Episodic Ataxia, Type 6",C2675211,['T047'],['Disease or Syndrome'],34802899,disease_phenotype_positive,1
2062,u18666a,,u18666a,U 18666A,C0077608,"['T109', 'T121']","['Organic Chemical', 'Pharmacologic Substance']",,,
2063,ubiquitin c-terminal hydrolase-l1,,ubiquitin c-terminal hydrolase-l1,Ubiquitin C-Terminal Hydrolase L1 Measurement,C5708556,['T059'],['Laboratory Procedure'],,,
2064,udp-n-acetylglucosamine,,udp-n-acetylglucosamine,"UDP-N-acetylglucosamine-dolichyldiphosphate N-acetylglucosamine, N-acetylglucosamine transferase",C0077714,"['T116', 'T126']","['Amino Acid, Peptide, or Protein', 'Enzyme']",,,
2065,underlying molecular pathophysiology,pathology,underlying molecular pathophysiology,,,[],[],38131230,pathology_phenotype,1
2066,unesterified cholesterol,phenotype,unesterified cholesterol,serum unesterified cholesterol,C2021363,['T059'],['Laboratory Procedure'],36009508|37539272,disease_phenotype_positive|phenotype_protein,2
2067,unesterified cholesterol accumulates,phenotype,unesterified cholesterol accumulates,Intracellular accumulation of unesterified cholesterol,C3553603,['T033'],['Finding'],38790666,disease_phenotype_positive,2
2068,unesterified cholesterol accumulation,phenotype,unesterified cholesterol accumulation,Intracellular accumulation of unesterified cholesterol,C3553603,['T033'],['Finding'],40436106,drug_effect,2
2069,unesterified sphingolipids.,phenotype,unesterified sphingolipids.,,,[],[],37539272,phenotype_protein,2
2070,unresolved and chronic neuroinflammation,,unresolved and chronic neuroinflammation,,,[],[],,,
2071,unusual urinary metabolite profiles,phenotype,unusual urinary metabolite profiles,,,[],[],35961091,disease_phenotype_positive,2
2072,unwarranted anger,phenotype,unwarranted anger,,,[],[],35696615,drug_effect,2
2073,up regulation,biological_process,up regulation,Up-Regulation (Physiology),C0041904,['T044'],['Molecular Function'],34410604,bioprocess_protein,1
2074,upregulated antithrombin iii,,upregulated antithrombin iii,,,[],[],,,
2075,upregulated cathepsin d,,upregulated cathepsin d,,,[],[],,,
2076,upregulated neuromodulin,phenotype,upregulated neuromodulin,,,[],[],36638187,disease_phenotype_positive,2
2077,upregulated serpinc1,,upregulated serpinc1,,,[],[],,,
2078,"uptake of cholestane-3β,5α,6β-triol",,"uptake of cholestane-3β,5α,6β-triol",,,[],[],,,
2079,urinary 3-aminoisobutyrate,phenotype,urinary 3-aminoisobutyrate,Elevated urinary 3-aminoisobutyric acid,C4022393,['T033'],['Finding'],35961091,disease_phenotype_positive,2
2080,urinary branched-chain amino acids,phenotype,urinary branched-chain amino acids,,,[],[],35961091,disease_phenotype_positive,2
2081,urinary quinolinate,phenotype,urinary quinolinate,Elevated urinary quinolinic acid level,C5937131,['T033'],['Finding'],35961091,disease_phenotype_positive,2
2082,urinary valine,phenotype,urinary valine,,,[],[],35961091,disease_phenotype_positive,2
2083,vacuolar aggregations,pathology | phenotype,vacuolar aggregations,"MYOPATHY, VACUOLAR, WITH CASQ1 AGGREGATES",C4015624,['T047'],['Disease or Syndrome'],37008782,pathology_anatomy_present|phenotype_anatomy,1
2084,vacuolar atpase,,vacuolar atpase,vacuolar H+-ATPase,C0379099,"['T116', 'T126']","['Amino Acid, Peptide, or Protein', 'Enzyme']",,,
2085,vacuolar membrane proteins,protein/gene,vacuolar membrane proteins,protein targeting to vacuolar membrane,C3271993,['T044'],['Molecular Function'],37047194,bioprocess_protein,2
2086,vacuolated kupffer cells,,vacuolated kupffer cells,,,[],[],,,
2087,vacuoles,cellular_component | phenotype,vacuoles,Vacuole,C0042219,['T026'],['Cell Component'],38087834|38568972,cellcomp_cellcomp|cellcomp_protein|phenotype_protein,1|2
2088,vertical gaze palsy,phenotype,vertical gaze palsy,Vertical gaze palsy,C0339652,['T047'],['Disease or Syndrome'],35853348|36064725|39789920|40221338,disease_phenotype_positive|phenotype_phenotype,1|2
2089,vertical saccades,biological_process | phenotype,vertical saccades,Dysmetric vertical saccades,C4732803,['T033'],['Finding'],36338825,bioprocess_bioprocess|disease_phenotype_positive|phenotype_phenotype,1|2
2090,vertical slow saccades,phenotype,vertical slow saccades,Slowing of vertical saccades,C4011795,['T033'],['Finding'],34993563,phenotype_phenotype,2
2091,vertical supranuclear ophthalmoplegia,phenotype,vertical supranuclear ophthalmoplegia,"Niemann-Pick Disease, Type C",C0220756,['T047'],['Disease or Syndrome'],36199263|38087834,disease_phenotype_positive|phenotype_phenotype,2
2092,vertical supranuclear saccade palsy,phenotype,vertical supranuclear saccade palsy,,,[],[],34096670,disease_phenotype_positive,2
2093,vestibular abnormalities,phenotype,vestibular abnormalities,Abnormal morphology of the vestibule of the inner ear,C0542259,['T190'],['Anatomical Abnormality'],36640220,disease_phenotype_positive,2
2094,vimentin,protein/gene,vimentin,Vimentin,C0042666,"['T116', 'T123']","['Amino Acid, Peptide, or Protein', 'Biologically Active Substance']",40257496,anatomy_protein_present,1
2095,visceral,phenotype,visceral,Visceral,C0442045,['T082'],['Spatial Concept'],36199263,phenotype_phenotype,1
2096,visceral enlargement,phenotype,visceral enlargement,,,[],[],34303826,disease_phenotype_positive,2
2097,visceral involvement,phenotype,visceral involvement,Visceral Involvement,C5960196,['T033'],['Finding'],34682919,disease_phenotype_positive,2
2098,visceral manifestations,phenotype,visceral manifestations,,,[],[],36325261,disease_phenotype_positive,2
2099,visceral organ damage,phenotype,visceral organ damage,,,[],[],34061502,disease_phenotype_positive,2
2100,visceral organ involvement,,visceral organ involvement,,,[],[],,,
2101,visceral organs,anatomy,visceral organs,Widespread interstitial fibrosis (visceral organs),C1856541,['T033'],['Finding'],39789920,anatomy_disease,1
2102,visceral pathology,pathology | phenotype,visceral pathology,Soft Tissue Sarcoma of the Abdomen and Thoracic Visceral Organs Pathologic TNM Finding v8,C4526925,['T033'],['Finding'],37371089|37373322,disease_pathology|disease_phenotype_positive,2
2103,visceral symptoms,phenotype,visceral symptoms,visceral; symptoms purpura,C1405869,['T033'],['Finding'],34303826|34304992|35487270|38087834|40866990,disease_phenotype_positive|drug_effect,2
2104,voltage-gated calcium channels,cellular_component,voltage-gated calcium channels,clustering of voltage-gated calcium channels,C2610722,['T043'],['Cell Function'],37507375,cellcomp_cellcomp|protein_protein,2
2105,vps26,,vps26,VPS26A gene,C1823638,['T028'],['Gene or Genome'],,,
2106,vulnerability to ferroptosis,phenotype,vulnerability to ferroptosis,LINC01770 gene,C4320850,['T028'],['Gene or Genome'],40243519,phenotype_protein,2
2107,weakened muscular contraction,phenotype,weakened muscular contraction,,,[],[],36064725,disease_phenotype_positive,2
2108,white matter abnormalities,,white matter abnormalities,Diffuse white matter abnormalities,C4024923,['T190'],['Anatomical Abnormality'],,,
2109,widespread disconnectivity,phenotype,widespread disconnectivity,,,[],[],41277897,disease_phenotype_positive,2
2110,widespread neurodegeneration,phenotype,widespread neurodegeneration,,,[],[],39202426,phenotype_protein,2
2111,wildtype aavs,,wildtype aavs,,,[],[],,,
2112,wnt signalling,,wnt signalling,Wnt signaling pathway involved in somitogenesis,C2755663,['T044'],['Molecular Function'],,,
2113,worry,phenotype,worry,Worried,C0233481,['T033'],['Finding'],34819124,disease_phenotype_positive,2
2114,yeast,,yeast,"Yeast, Dried",C0043392,['T168'],['Food'],37440478,,1
2115,yeast lysosome-like vacuoles,cellular_component,yeast lysosome-like vacuoles,,,[],[],37047194,phenotype_cellcomp,2
2116,zavesca,,zavesca,Zavesca,C1174772,"['T109', 'T121']","['Organic Chemical', 'Pharmacologic Substance']",,,
2117,α-glucosidases i and ii,,α-glucosidases i and ii,,,[],[],,,
2118,α-synuclein,,α-synuclein,SNCA gene,C1420276,['T028'],['Gene or Genome'],,,
2119,α-tocopherol,,α-tocopherol,alpha tocopherol,C0969677,"['T109', 'T121', 'T127']","['Organic Chemical', 'Pharmacologic Substance', 'Vitamin']",,,
2120,β-amyloid peptide,phenotype,β-amyloid peptide,,,[],[],40869913,disease_protein,2
2121,β-cyclodextrin,drug,β-cyclodextrin,hydroxypropylbetadex (0.58-0.68 MS),C0046237,"['T109', 'T121']","['Organic Chemical', 'Pharmacologic Substance']",34748340|36447062,drug_drug|drug_effect|indication,1|2
2122,β-cyclodextrin derivatives,drug,β-cyclodextrin derivatives,,,[],[],40847051,drug_effect|indication,1
2123,"β1,6glcnac-branched n-linked glycans",,"β1,6glcnac-branched n-linked glycans",,,[],[],,,
2124,γ-cyclodextrin derivatives,drug,γ-cyclodextrin derivatives,,,[],[],40847051,drug_effect|indication,1
